mutations,sequence,temb_class_score,temb_reg_1,temb_reg_2,temb_reg_3
T38N:L44M:Q69M:Y145F:A154P:T203I,MSKGEELFTGVVPILVELDGDVNGHKFSVSGEGEGDANYGKLTMKFICTTGKLPVPWPTLVTTLSYGVMCFSRYPDHMKQHDFFKSAMPEGYVQERTIFFKDDGNYKTRAEVKFEGDTLVNRIELKGIDFKEDGNILGHKLEYNFNSHNVYIMPDKQKNGIKVNFKIRHNIEDGSVQLADHYQQNTPIGDGPVLLPDNHYLSIQSALSKDPNEKRDHMVLLEFVTAAGITHGMDELYK,0.061776816501906265,42.097389221191406,46.428192138671875,44.68888473510742
G4S:V61A:Q69M:Y145F:A154P:T203I,MSKSEELFTGVVPILVELDGDVNGHKFSVSGEGEGDATYGKLTLKFICTTGKLPVPWPTLATTLSYGVMCFSRYPDHMKQHDFFKSAMPEGYVQERTIFFKDDGNYKTRAEVKFEGDTLVNRIELKGIDFKEDGNILGHKLEYNFNSHNVYIMPDKQKNGIKVNFKIRHNIEDGSVQLADHYQQNTPIGDGPVLLPDNHYLSIQSALSKDPNEKRDHMVLLEFVTAAGITHGMDELYK,0.03747875503768633,41.03527069091797,45.89979553222656,42.16489028930664
S30R:L44M:Q69M:Y145F:A154P:T203I,MSKGEELFTGVVPILVELDGDVNGHKFSVRGEGEGDATYGKLTMKFICTTGKLPVPWPTLVTTLSYGVMCFSRYPDHMKQHDFFKSAMPEGYVQERTIFFKDDGNYKTRAEVKFEGDTLVNRIELKGIDFKEDGNILGHKLEYNFNSHNVYIMPDKQKNGIKVNFKIRHNIEDGSVQLADHYQQNTPIGDGPVLLPDNHYLSIQSALSKDPNEKRDHMVLLEFVTAAGITHGMDELYK,0.06985491595097995,41.565670013427734,46.965614318847656,43.40828323364258
S30R:Y39H:L44I:Q69M:Y145F:A154P,MSKGEELFTGVVPILVELDGDVNGHKFSVRGEGEGDATHGKLTIKFICTTGKLPVPWPTLVTTLSYGVMCFSRYPDHMKQHDFFKSAMPEGYVQERTIFFKDDGNYKTRAEVKFEGDTLVNRIELKGIDFKEDGNILGHKLEYNFNSHNVYIMPDKQKNGIKVNFKIRHNIEDGSVQLADHYQQNTPIGDGPVLLPDNHYLSTQSALSKDPNEKRDHMVLLEFVTAAGITHGMDELYK,0.06930352830663411,40.38691329956055,46.61573791503906,42.85919189453125
L44M:Q69M:Y145F:A154P:T203I,MSKGEELFTGVVPILVELDGDVNGHKFSVSGEGEGDATYGKLTMKFICTTGKLPVPWPTLVTTLSYGVMCFSRYPDHMKQHDFFKSAMPEGYVQERTIFFKDDGNYKTRAEVKFEGDTLVNRIELKGIDFKEDGNILGHKLEYNFNSHNVYIMPDKQKNGIKVNFKIRHNIEDGSVQLADHYQQNTPIGDGPVLLPDNHYLSIQSALSKDPNEKRDHMVLLEFVTAAGITHGMDELYK,0.06341702049364371,42.03053283691406,46.58274459838867,44.04698944091797
Y39H:V61I:S202H:T203H:A206K:T225E,MSKGEELFTGVVPILVELDGDVNGHKFSVSGEGEGDATHGKLTLKFICTTGKLPVPWPTLITTLSYGVQCFSRYPDHMKQHDFFKSAMPEGYVQERTIFFKDDGNYKTRAEVKFEGDTLVNRIELKGIDFKEDGNILGHKLEYNYNSHNVYIMADKQKNGIKVNFKIRHNIEDGSVQLADHYQQNTPIGDGPVLLPDNHYLHHQSKLSKDPNEKRDHMVLLEFVEAAGITHGMDELYK,0.04606626583043691,41.919307708740234,45.342018127441406,44.399681091308594
T38N:L44M:Q69A:Y145F:A154P:T203I,MSKGEELFTGVVPILVELDGDVNGHKFSVSGEGEGDANYGKLTMKFICTTGKLPVPWPTLVTTLSYGVACFSRYPDHMKQHDFFKSAMPEGYVQERTIFFKDDGNYKTRAEVKFEGDTLVNRIELKGIDFKEDGNILGHKLEYNFNSHNVYIMPDKQKNGIKVNFKIRHNIEDGSVQLADHYQQNTPIGDGPVLLPDNHYLSIQSALSKDPNEKRDHMVLLEFVTAAGITHGMDELYK,0.057915901970905855,42.008609771728516,46.552799224853516,44.11541748046875
L44M:Q69A:Y145F:A154P:T203I,MSKGEELFTGVVPILVELDGDVNGHKFSVSGEGEGDATYGKLTMKFICTTGKLPVPWPTLVTTLSYGVACFSRYPDHMKQHDFFKSAMPEGYVQERTIFFKDDGNYKTRAEVKFEGDTLVNRIELKGIDFKEDGNILGHKLEYNFNSHNVYIMPDKQKNGIKVNFKIRHNIEDGSVQLADHYQQNTPIGDGPVLLPDNHYLSIQSALSKDPNEKRDHMVLLEFVTAAGITHGMDELYK,0.06126032026875543,41.88136672973633,46.78876495361328,43.60889434814453
Y39H:S202H:T203H:A206K:T225E,MSKGEELFTGVVPILVELDGDVNGHKFSVSGEGEGDATHGKLTLKFICTTGKLPVPWPTLVTTLSYGVQCFSRYPDHMKQHDFFKSAMPEGYVQERTIFFKDDGNYKTRAEVKFEGDTLVNRIELKGIDFKEDGNILGHKLEYNYNSHNVYIMADKQKNGIKVNFKIRHNIEDGSVQLADHYQQNTPIGDGPVLLPDNHYLHHQSKLSKDPNEKRDHMVLLEFVEAAGITHGMDELYK,0.042476962260551664,41.99885940551758,46.2175178527832,44.983367919921875
S30R:Y39H:L44I:Q69M:A154P:K158R,MSKGEELFTGVVPILVELDGDVNGHKFSVRGEGEGDATHGKLTIKFICTTGKLPVPWPTLVTTLSYGVMCFSRYPDHMKQHDFFKSAMPEGYVQERTIFFKDDGNYKTRAEVKFEGDTLVNRIELKGIDFKEDGNILGHKLEYNYNSHNVYIMPDKQRNGIKVNFKIRHNIEDGSVQLADHYQQNTPIGDGPVLLPDNHYLSTQSALSKDPNEKRDHMVLLEFVTAAGITHGMDELYK,0.07038946619110178,40.9648551940918,46.34541320800781,41.30055236816406
Y39H:K158N:S202H:T203H:S205T,MSKGEELFTGVVPILVELDGDVNGHKFSVSGEGEGDATHGKLTLKFICTTGKLPVPWPTLVTTLSYGVQCFSRYPDHMKQHDFFKSAMPEGYVQERTIFFKDDGNYKTRAEVKFEGDTLVNRIELKGIDFKEDGNILGHKLEYNYNSHNVYIMADKQNNGIKVNFKIRHNIEDGSVQLADHYQQNTPIGDGPVLLPDNHYLHHQTALSKDPNEKRDHMVLLEFVTAAGITHGMDELYK,0.050118797737986394,41.344703674316406,45.64292907714844,44.03857421875
S30R:Y39H:L44I:Q69L:Y145F:A154P,MSKGEELFTGVVPILVELDGDVNGHKFSVRGEGEGDATHGKLTIKFICTTGKLPVPWPTLVTTLSYGVLCFSRYPDHMKQHDFFKSAMPEGYVQERTIFFKDDGNYKTRAEVKFEGDTLVNRIELKGIDFKEDGNILGHKLEYNFNSHNVYIMPDKQKNGIKVNFKIRHNIEDGSVQLADHYQQNTPIGDGPVLLPDNHYLSTQSALSKDPNEKRDHMVLLEFVTAAGITHGMDELYK,0.0709229090538342,39.83038330078125,46.4827880859375,42.922752380371094
Y39H:L44I:S202H:T203H:A206K:T225E,MSKGEELFTGVVPILVELDGDVNGHKFSVSGEGEGDATHGKLTIKFICTTGKLPVPWPTLVTTLSYGVQCFSRYPDHMKQHDFFKSAMPEGYVQERTIFFKDDGNYKTRAEVKFEGDTLVNRIELKGIDFKEDGNILGHKLEYNYNSHNVYIMADKQKNGIKVNFKIRHNIEDGSVQLADHYQQNTPIGDGPVLLPDNHYLHHQSKLSKDPNEKRDHMVLLEFVEAAGITHGMDELYK,0.050922622432752994,42.44226837158203,45.66142654418945,43.756263732910156
S30R:Y39H:L44I:Q69M:A154P:S202H,MSKGEELFTGVVPILVELDGDVNGHKFSVRGEGEGDATHGKLTIKFICTTGKLPVPWPTLVTTLSYGVMCFSRYPDHMKQHDFFKSAMPEGYVQERTIFFKDDGNYKTRAEVKFEGDTLVNRIELKGIDFKEDGNILGHKLEYNYNSHNVYIMPDKQKNGIKVNFKIRHNIEDGSVQLADHYQQNTPIGDGPVLLPDNHYLHTQSALSKDPNEKRDHMVLLEFVTAAGITHGMDELYK,0.06921177713689226,41.01458740234375,46.4073486328125,42.31912612915039
S30R:L44M:Q69A:Y145F:A154P:T203I,MSKGEELFTGVVPILVELDGDVNGHKFSVRGEGEGDATYGKLTMKFICTTGKLPVPWPTLVTTLSYGVACFSRYPDHMKQHDFFKSAMPEGYVQERTIFFKDDGNYKTRAEVKFEGDTLVNRIELKGIDFKEDGNILGHKLEYNFNSHNVYIMPDKQKNGIKVNFKIRHNIEDGSVQLADHYQQNTPIGDGPVLLPDNHYLSIQSALSKDPNEKRDHMVLLEFVTAAGITHGMDELYK,0.06657795986260798,41.63361358642578,47.18471908569336,43.345458984375
T38N:Q69M:Y145F:A154P:T203I,MSKGEELFTGVVPILVELDGDVNGHKFSVSGEGEGDANYGKLTLKFICTTGKLPVPWPTLVTTLSYGVMCFSRYPDHMKQHDFFKSAMPEGYVQERTIFFKDDGNYKTRAEVKFEGDTLVNRIELKGIDFKEDGNILGHKLEYNFNSHNVYIMPDKQKNGIKVNFKIRHNIEDGSVQLADHYQQNTPIGDGPVLLPDNHYLSIQSALSKDPNEKRDHMVLLEFVTAAGITHGMDELYK,0.06979842483949301,41.4957275390625,46.388648986816406,43.482872009277344
Y39H:L44M:V61A:Q69M:A154P:T203I,MSKGEELFTGVVPILVELDGDVNGHKFSVSGEGEGDATHGKLTMKFICTTGKLPVPWPTLATTLSYGVMCFSRYPDHMKQHDFFKSAMPEGYVQERTIFFKDDGNYKTRAEVKFEGDTLVNRIELKGIDFKEDGNILGHKLEYNYNSHNVYIMPDKQKNGIKVNFKIRHNIEDGSVQLADHYQQNTPIGDGPVLLPDNHYLSIQSALSKDPNEKRDHMVLLEFVTAAGITHGMDELYK,0.04827946743500271,42.93661117553711,47.03355407714844,41.89474105834961
Y39H:L44I:S202H:A206K:V224I:T225E,MSKGEELFTGVVPILVELDGDVNGHKFSVSGEGEGDATHGKLTIKFICTTGKLPVPWPTLVTTLSYGVQCFSRYPDHMKQHDFFKSAMPEGYVQERTIFFKDDGNYKTRAEVKFEGDTLVNRIELKGIDFKEDGNILGHKLEYNYNSHNVYIMADKQKNGIKVNFKIRHNIEDGSVQLADHYQQNTPIGDGPVLLPDNHYLHTQSKLSKDPNEKRDHMVLLEFIEAAGITHGMDELYK,0.05883191132404422,43.05992889404297,45.11919403076172,43.97047424316406
Y39H:S202H:A206K:V224I:T225E,MSKGEELFTGVVPILVELDGDVNGHKFSVSGEGEGDATHGKLTLKFICTTGKLPVPWPTLVTTLSYGVQCFSRYPDHMKQHDFFKSAMPEGYVQERTIFFKDDGNYKTRAEVKFEGDTLVNRIELKGIDFKEDGNILGHKLEYNYNSHNVYIMADKQKNGIKVNFKIRHNIEDGSVQLADHYQQNTPIGDGPVLLPDNHYLHTQSKLSKDPNEKRDHMVLLEFIEAAGITHGMDELYK,0.04926046563368166,42.6830940246582,45.16754150390625,45.232662200927734
T38N:N105C:A154P:T203Y:V224I:T225E,MSKGEELFTGVVPILVELDGDVNGHKFSVSGEGEGDANYGKLTLKFICTTGKLPVPWPTLVTTLSYGVQCFSRYPDHMKQHDFFKSAMPEGYVQERTIFFKDDGCYKTRAEVKFEGDTLVNRIELKGIDFKEDGNILGHKLEYNYNSHNVYIMPDKQKNGIKVNFKIRHNIEDGSVQLADHYQQNTPIGDGPVLLPDNHYLSYQSALSKDPNEKRDHMVLLEFIEAAGITHGMDELYK,0.04196633054723234,41.91106414794922,44.610595703125,43.81540298461914
Y39H:V61I:S202H:T203H:A206E:T225E,MSKGEELFTGVVPILVELDGDVNGHKFSVSGEGEGDATHGKLTLKFICTTGKLPVPWPTLITTLSYGVQCFSRYPDHMKQHDFFKSAMPEGYVQERTIFFKDDGNYKTRAEVKFEGDTLVNRIELKGIDFKEDGNILGHKLEYNYNSHNVYIMADKQKNGIKVNFKIRHNIEDGSVQLADHYQQNTPIGDGPVLLPDNHYLHHQSELSKDPNEKRDHMVLLEFVEAAGITHGMDELYK,0.04869460431711465,42.13512420654297,44.870933532714844,44.56280517578125
Y39H:V61I:K158N:S202H:T203H:S205T,MSKGEELFTGVVPILVELDGDVNGHKFSVSGEGEGDATHGKLTLKFICTTGKLPVPWPTLITTLSYGVQCFSRYPDHMKQHDFFKSAMPEGYVQERTIFFKDDGNYKTRAEVKFEGDTLVNRIELKGIDFKEDGNILGHKLEYNYNSHNVYIMADKQNNGIKVNFKIRHNIEDGSVQLADHYQQNTPIGDGPVLLPDNHYLHHQTALSKDPNEKRDHMVLLEFVTAAGITHGMDELYK,0.054766026225580064,41.32063293457031,45.223716735839844,43.464439392089844
Y39H:V61I:S202H:T203H:S205T:L220V,MSKGEELFTGVVPILVELDGDVNGHKFSVSGEGEGDATHGKLTLKFICTTGKLPVPWPTLITTLSYGVQCFSRYPDHMKQHDFFKSAMPEGYVQERTIFFKDDGNYKTRAEVKFEGDTLVNRIELKGIDFKEDGNILGHKLEYNYNSHNVYIMADKQKNGIKVNFKIRHNIEDGSVQLADHYQQNTPIGDGPVLLPDNHYLHHQTALSKDPNEKRDHMVVLEFVTAAGITHGMDELYK,0.061005493532570426,41.307247161865234,46.25542449951172,44.00087356567383
G4S:L44M:V61A:Y145F:A154P:T203I,MSKSEELFTGVVPILVELDGDVNGHKFSVSGEGEGDATYGKLTMKFICTTGKLPVPWPTLATTLSYGVQCFSRYPDHMKQHDFFKSAMPEGYVQERTIFFKDDGNYKTRAEVKFEGDTLVNRIELKGIDFKEDGNILGHKLEYNFNSHNVYIMPDKQKNGIKVNFKIRHNIEDGSVQLADHYQQNTPIGDGPVLLPDNHYLSIQSALSKDPNEKRDHMVLLEFVTAAGITHGMDELYK,0.02422570621296985,41.722904205322266,45.05458068847656,42.492130279541016
Y39H:L44M:Q69M:Y145F:A154P:T203I,MSKGEELFTGVVPILVELDGDVNGHKFSVSGEGEGDATHGKLTMKFICTTGKLPVPWPTLVTTLSYGVMCFSRYPDHMKQHDFFKSAMPEGYVQERTIFFKDDGNYKTRAEVKFEGDTLVNRIELKGIDFKEDGNILGHKLEYNFNSHNVYIMPDKQKNGIKVNFKIRHNIEDGSVQLADHYQQNTPIGDGPVLLPDNHYLSIQSALSKDPNEKRDHMVLLEFVTAAGITHGMDELYK,0.053156278305275674,42.19099426269531,46.53150177001953,43.47596740722656
S30R:T38N:Y39H:A154P:S202H:V224I,MSKGEELFTGVVPILVELDGDVNGHKFSVRGEGEGDANHGKLTLKFICTTGKLPVPWPTLVTTLSYGVQCFSRYPDHMKQHDFFKSAMPEGYVQERTIFFKDDGNYKTRAEVKFEGDTLVNRIELKGIDFKEDGNILGHKLEYNYNSHNVYIMPDKQKNGIKVNFKIRHNIEDGSVQLADHYQQNTPIGDGPVLLPDNHYLHTQSALSKDPNEKRDHMVLLEFITAAGITHGMDELYK,0.047011371698875565,41.86004638671875,47.176937103271484,43.21579360961914
Y39H:S202H:T203H:S205T:L220V,MSKGEELFTGVVPILVELDGDVNGHKFSVSGEGEGDATHGKLTLKFICTTGKLPVPWPTLVTTLSYGVQCFSRYPDHMKQHDFFKSAMPEGYVQERTIFFKDDGNYKTRAEVKFEGDTLVNRIELKGIDFKEDGNILGHKLEYNYNSHNVYIMADKQKNGIKVNFKIRHNIEDGSVQLADHYQQNTPIGDGPVLLPDNHYLHHQTALSKDPNEKRDHMVVLEFVTAAGITHGMDELYK,0.05646261738862452,41.431373596191406,47.122371673583984,44.47111511230469
S30R:Y39H:L44I:Y145F:A154P:S202H,MSKGEELFTGVVPILVELDGDVNGHKFSVRGEGEGDATHGKLTIKFICTTGKLPVPWPTLVTTLSYGVQCFSRYPDHMKQHDFFKSAMPEGYVQERTIFFKDDGNYKTRAEVKFEGDTLVNRIELKGIDFKEDGNILGHKLEYNFNSHNVYIMPDKQKNGIKVNFKIRHNIEDGSVQLADHYQQNTPIGDGPVLLPDNHYLHTQSALSKDPNEKRDHMVLLEFVTAAGITHGMDELYK,0.04881767545651822,40.65071487426758,46.589046478271484,42.94345474243164
S30R:Y39H:Q69M:N105C:Y145F:A154P,MSKGEELFTGVVPILVELDGDVNGHKFSVRGEGEGDATHGKLTLKFICTTGKLPVPWPTLVTTLSYGVMCFSRYPDHMKQHDFFKSAMPEGYVQERTIFFKDDGCYKTRAEVKFEGDTLVNRIELKGIDFKEDGNILGHKLEYNFNSHNVYIMPDKQKNGIKVNFKIRHNIEDGSVQLADHYQQNTPIGDGPVLLPDNHYLSTQSALSKDPNEKRDHMVLLEFVTAAGITHGMDELYK,0.047103071518063394,39.68450927734375,45.536895751953125,44.733116149902344
Y39H:V61L:S202H:T203H:A206K:T225E,MSKGEELFTGVVPILVELDGDVNGHKFSVSGEGEGDATHGKLTLKFICTTGKLPVPWPTLLTTLSYGVQCFSRYPDHMKQHDFFKSAMPEGYVQERTIFFKDDGNYKTRAEVKFEGDTLVNRIELKGIDFKEDGNILGHKLEYNYNSHNVYIMADKQKNGIKVNFKIRHNIEDGSVQLADHYQQNTPIGDGPVLLPDNHYLHHQSKLSKDPNEKRDHMVLLEFVEAAGITHGMDELYK,0.037257417875405104,42.48188781738281,45.7733268737793,45.38656997680664
Y39H:V61I:S202H:A206K:V224I:T225E,MSKGEELFTGVVPILVELDGDVNGHKFSVSGEGEGDATHGKLTLKFICTTGKLPVPWPTLITTLSYGVQCFSRYPDHMKQHDFFKSAMPEGYVQERTIFFKDDGNYKTRAEVKFEGDTLVNRIELKGIDFKEDGNILGHKLEYNYNSHNVYIMADKQKNGIKVNFKIRHNIEDGSVQLADHYQQNTPIGDGPVLLPDNHYLHTQSKLSKDPNEKRDHMVLLEFIEAAGITHGMDELYK,0.05275926827983125,42.69031524658203,44.944679260253906,44.663150787353516
S30R:Y39H:Y145F:A154P:K158R:N198Y,MSKGEELFTGVVPILVELDGDVNGHKFSVRGEGEGDATHGKLTLKFICTTGKLPVPWPTLVTTLSYGVQCFSRYPDHMKQHDFFKSAMPEGYVQERTIFFKDDGNYKTRAEVKFEGDTLVNRIELKGIDFKEDGNILGHKLEYNFNSHNVYIMPDKQRNGIKVNFKIRHNIEDGSVQLADHYQQNTPIGDGPVLLPDYHYLSTQSALSKDPNEKRDHMVLLEFVTAAGITHGMDELYK,0.043941230843941706,40.09364318847656,46.88707733154297,44.2798957824707
S30R:Y39H:L44I:Q69A:Y145F:A154P,MSKGEELFTGVVPILVELDGDVNGHKFSVRGEGEGDATHGKLTIKFICTTGKLPVPWPTLVTTLSYGVACFSRYPDHMKQHDFFKSAMPEGYVQERTIFFKDDGNYKTRAEVKFEGDTLVNRIELKGIDFKEDGNILGHKLEYNFNSHNVYIMPDKQKNGIKVNFKIRHNIEDGSVQLADHYQQNTPIGDGPVLLPDNHYLSTQSALSKDPNEKRDHMVLLEFVTAAGITHGMDELYK,0.0664252154924793,40.53586196899414,46.651397705078125,42.92123031616211
T38N:L44M:Y145F:A154P:T203I,MSKGEELFTGVVPILVELDGDVNGHKFSVSGEGEGDANYGKLTMKFICTTGKLPVPWPTLVTTLSYGVQCFSRYPDHMKQHDFFKSAMPEGYVQERTIFFKDDGNYKTRAEVKFEGDTLVNRIELKGIDFKEDGNILGHKLEYNFNSHNVYIMPDKQKNGIKVNFKIRHNIEDGSVQLADHYQQNTPIGDGPVLLPDNHYLSIQSALSKDPNEKRDHMVLLEFVTAAGITHGMDELYK,0.045959579972812796,41.8181266784668,46.06570816040039,44.30004119873047
S30R:T38N:Y39H:V61I:Y145F:A154P,MSKGEELFTGVVPILVELDGDVNGHKFSVRGEGEGDANHGKLTLKFICTTGKLPVPWPTLITTLSYGVQCFSRYPDHMKQHDFFKSAMPEGYVQERTIFFKDDGNYKTRAEVKFEGDTLVNRIELKGIDFKEDGNILGHKLEYNFNSHNVYIMPDKQKNGIKVNFKIRHNIEDGSVQLADHYQQNTPIGDGPVLLPDNHYLSTQSALSKDPNEKRDHMVLLEFVTAAGITHGMDELYK,0.04605780106953631,41.40148162841797,46.95366668701172,43.31187438964844
S30R:Y39H:V68I:Q69M:A206K:T225E,MSKGEELFTGVVPILVELDGDVNGHKFSVRGEGEGDATHGKLTLKFICTTGKLPVPWPTLVTTLSYGIMCFSRYPDHMKQHDFFKSAMPEGYVQERTIFFKDDGNYKTRAEVKFEGDTLVNRIELKGIDFKEDGNILGHKLEYNYNSHNVYIMADKQKNGIKVNFKIRHNIEDGSVQLADHYQQNTPIGDGPVLLPDNHYLSTQSKLSKDPNEKRDHMVLLEFVEAAGITHGMDELYK,0.0746920157972171,42.17328643798828,45.20648956298828,44.86394500732422
S30R:T38N:Y39H:Q69M:Y145F:A154P,MSKGEELFTGVVPILVELDGDVNGHKFSVRGEGEGDANHGKLTLKFICTTGKLPVPWPTLVTTLSYGVMCFSRYPDHMKQHDFFKSAMPEGYVQERTIFFKDDGNYKTRAEVKFEGDTLVNRIELKGIDFKEDGNILGHKLEYNFNSHNVYIMPDKQKNGIKVNFKIRHNIEDGSVQLADHYQQNTPIGDGPVLLPDNHYLSTQSALSKDPNEKRDHMVLLEFVTAAGITHGMDELYK,0.056364082689178044,41.48823547363281,46.58491134643555,43.56140899658203
S30R:Y39H:K158R:S202H:A206E:V224I,MSKGEELFTGVVPILVELDGDVNGHKFSVRGEGEGDATHGKLTLKFICTTGKLPVPWPTLVTTLSYGVQCFSRYPDHMKQHDFFKSAMPEGYVQERTIFFKDDGNYKTRAEVKFEGDTLVNRIELKGIDFKEDGNILGHKLEYNYNSHNVYIMADKQRNGIKVNFKIRHNIEDGSVQLADHYQQNTPIGDGPVLLPDNHYLHTQSELSKDPNEKRDHMVLLEFITAAGITHGMDELYK,0.05899522683301183,41.30970764160156,46.40068054199219,44.70384979248047
S30R:Q69M:Y145F:A154P:S202H:L220I,MSKGEELFTGVVPILVELDGDVNGHKFSVRGEGEGDATYGKLTLKFICTTGKLPVPWPTLVTTLSYGVMCFSRYPDHMKQHDFFKSAMPEGYVQERTIFFKDDGNYKTRAEVKFEGDTLVNRIELKGIDFKEDGNILGHKLEYNFNSHNVYIMPDKQKNGIKVNFKIRHNIEDGSVQLADHYQQNTPIGDGPVLLPDNHYLHTQSALSKDPNEKRDHMVILEFVTAAGITHGMDELYK,0.07623763772273585,40.77748489379883,46.39476013183594,43.849945068359375
Y39H:S205T:A206K:V224I:T225E,MSKGEELFTGVVPILVELDGDVNGHKFSVSGEGEGDATHGKLTLKFICTTGKLPVPWPTLVTTLSYGVQCFSRYPDHMKQHDFFKSAMPEGYVQERTIFFKDDGNYKTRAEVKFEGDTLVNRIELKGIDFKEDGNILGHKLEYNYNSHNVYIMADKQKNGIKVNFKIRHNIEDGSVQLADHYQQNTPIGDGPVLLPDNHYLSTQTKLSKDPNEKRDHMVLLEFIEAAGITHGMDELYK,0.0526853004265095,42.816246032714844,45.98212814331055,45.56280517578125
S30R:V61I:Y145F:A154P:S202H:L220I,MSKGEELFTGVVPILVELDGDVNGHKFSVRGEGEGDATYGKLTLKFICTTGKLPVPWPTLITTLSYGVQCFSRYPDHMKQHDFFKSAMPEGYVQERTIFFKDDGNYKTRAEVKFEGDTLVNRIELKGIDFKEDGNILGHKLEYNFNSHNVYIMPDKQKNGIKVNFKIRHNIEDGSVQLADHYQQNTPIGDGPVLLPDNHYLHTQSALSKDPNEKRDHMVILEFVTAAGITHGMDELYK,0.06273494782512311,40.90011215209961,46.15570068359375,43.905418395996094
S30R:Y39H:L44I:V61I:Y145F:A154P,MSKGEELFTGVVPILVELDGDVNGHKFSVRGEGEGDATHGKLTIKFICTTGKLPVPWPTLITTLSYGVQCFSRYPDHMKQHDFFKSAMPEGYVQERTIFFKDDGNYKTRAEVKFEGDTLVNRIELKGIDFKEDGNILGHKLEYNFNSHNVYIMPDKQKNGIKVNFKIRHNIEDGSVQLADHYQQNTPIGDGPVLLPDNHYLSTQSALSKDPNEKRDHMVLLEFVTAAGITHGMDELYK,0.056829362095419986,40.79429244995117,46.71611404418945,42.598777770996094
S30R:Y39H:L44I:A154P:K158R:A206K,MSKGEELFTGVVPILVELDGDVNGHKFSVRGEGEGDATHGKLTIKFICTTGKLPVPWPTLVTTLSYGVQCFSRYPDHMKQHDFFKSAMPEGYVQERTIFFKDDGNYKTRAEVKFEGDTLVNRIELKGIDFKEDGNILGHKLEYNYNSHNVYIMPDKQRNGIKVNFKIRHNIEDGSVQLADHYQQNTPIGDGPVLLPDNHYLSTQSKLSKDPNEKRDHMVLLEFVTAAGITHGMDELYK,0.04800063053721222,41.192787170410156,46.651084899902344,42.76166534423828
Y39H:L44I:V61L:S202H:A206K:T225E,MSKGEELFTGVVPILVELDGDVNGHKFSVSGEGEGDATHGKLTIKFICTTGKLPVPWPTLLTTLSYGVQCFSRYPDHMKQHDFFKSAMPEGYVQERTIFFKDDGNYKTRAEVKFEGDTLVNRIELKGIDFKEDGNILGHKLEYNYNSHNVYIMADKQKNGIKVNFKIRHNIEDGSVQLADHYQQNTPIGDGPVLLPDNHYLHTQSKLSKDPNEKRDHMVLLEFVEAAGITHGMDELYK,0.05221346312179067,42.82084274291992,45.139827728271484,44.162452697753906
Y39H:L44I:S202H:T203H:A206E:T225E,MSKGEELFTGVVPILVELDGDVNGHKFSVSGEGEGDATHGKLTIKFICTTGKLPVPWPTLVTTLSYGVQCFSRYPDHMKQHDFFKSAMPEGYVQERTIFFKDDGNYKTRAEVKFEGDTLVNRIELKGIDFKEDGNILGHKLEYNYNSHNVYIMADKQKNGIKVNFKIRHNIEDGSVQLADHYQQNTPIGDGPVLLPDNHYLHHQSELSKDPNEKRDHMVLLEFVEAAGITHGMDELYK,0.05476168195283046,42.668975830078125,44.770545959472656,44.14700698852539
Y39H:V61I:T203H:S205T:A206K:T225E,MSKGEELFTGVVPILVELDGDVNGHKFSVSGEGEGDATHGKLTLKFICTTGKLPVPWPTLITTLSYGVQCFSRYPDHMKQHDFFKSAMPEGYVQERTIFFKDDGNYKTRAEVKFEGDTLVNRIELKGIDFKEDGNILGHKLEYNYNSHNVYIMADKQKNGIKVNFKIRHNIEDGSVQLADHYQQNTPIGDGPVLLPDNHYLSHQTKLSKDPNEKRDHMVLLEFVEAAGITHGMDELYK,0.04975587186140435,42.36918258666992,45.94511032104492,44.41453170776367
Y39H:L44M:K158N:S202H:T203H:A206E,MSKGEELFTGVVPILVELDGDVNGHKFSVSGEGEGDATHGKLTMKFICTTGKLPVPWPTLVTTLSYGVQCFSRYPDHMKQHDFFKSAMPEGYVQERTIFFKDDGNYKTRAEVKFEGDTLVNRIELKGIDFKEDGNILGHKLEYNYNSHNVYIMADKQNNGIKVNFKIRHNIEDGSVQLADHYQQNTPIGDGPVLLPDNHYLHHQSELSKDPNEKRDHMVLLEFVTAAGITHGMDELYK,0.044970261170672834,42.12202835083008,45.30107879638672,44.98069763183594
Y39H:L44M:K158N:T203H:A206K:T225E,MSKGEELFTGVVPILVELDGDVNGHKFSVSGEGEGDATHGKLTMKFICTTGKLPVPWPTLVTTLSYGVQCFSRYPDHMKQHDFFKSAMPEGYVQERTIFFKDDGNYKTRAEVKFEGDTLVNRIELKGIDFKEDGNILGHKLEYNYNSHNVYIMADKQNNGIKVNFKIRHNIEDGSVQLADHYQQNTPIGDGPVLLPDNHYLSHQSKLSKDPNEKRDHMVLLEFVEAAGITHGMDELYK,0.03646793779743503,42.631290435791016,45.122901916503906,44.804046630859375
S30R:T38N:Y39H:V68I:Y145F:A154P,MSKGEELFTGVVPILVELDGDVNGHKFSVRGEGEGDANHGKLTLKFICTTGKLPVPWPTLVTTLSYGIQCFSRYPDHMKQHDFFKSAMPEGYVQERTIFFKDDGNYKTRAEVKFEGDTLVNRIELKGIDFKEDGNILGHKLEYNFNSHNVYIMPDKQKNGIKVNFKIRHNIEDGSVQLADHYQQNTPIGDGPVLLPDNHYLSTQSALSKDPNEKRDHMVLLEFVTAAGITHGMDELYK,0.045865481155753555,41.5931396484375,46.856719970703125,43.64640426635742
S30R:Y39H:Q69M:Y145F:A154P:K158N,MSKGEELFTGVVPILVELDGDVNGHKFSVRGEGEGDATHGKLTLKFICTTGKLPVPWPTLVTTLSYGVMCFSRYPDHMKQHDFFKSAMPEGYVQERTIFFKDDGNYKTRAEVKFEGDTLVNRIELKGIDFKEDGNILGHKLEYNFNSHNVYIMPDKQNNGIKVNFKIRHNIEDGSVQLADHYQQNTPIGDGPVLLPDNHYLSTQSALSKDPNEKRDHMVLLEFVTAAGITHGMDELYK,0.05512643068415843,40.69199752807617,46.30504608154297,43.413326263427734
S30R:Y39H:Q69M:Y145I:A154P:K158R,MSKGEELFTGVVPILVELDGDVNGHKFSVRGEGEGDATHGKLTLKFICTTGKLPVPWPTLVTTLSYGVMCFSRYPDHMKQHDFFKSAMPEGYVQERTIFFKDDGNYKTRAEVKFEGDTLVNRIELKGIDFKEDGNILGHKLEYNINSHNVYIMPDKQRNGIKVNFKIRHNIEDGSVQLADHYQQNTPIGDGPVLLPDNHYLSTQSALSKDPNEKRDHMVLLEFVTAAGITHGMDELYK,0.060377693737552925,40.8583984375,46.4228630065918,43.53722381591797
T38N:Y39H:S202H:T203H:A206K:T225E,MSKGEELFTGVVPILVELDGDVNGHKFSVSGEGEGDANHGKLTLKFICTTGKLPVPWPTLVTTLSYGVQCFSRYPDHMKQHDFFKSAMPEGYVQERTIFFKDDGNYKTRAEVKFEGDTLVNRIELKGIDFKEDGNILGHKLEYNYNSHNVYIMADKQKNGIKVNFKIRHNIEDGSVQLADHYQQNTPIGDGPVLLPDNHYLHHQSKLSKDPNEKRDHMVLLEFVEAAGITHGMDELYK,0.04119323011887388,41.80358123779297,45.604087829589844,44.18508529663086
S30R:Y39H:L44I:S147P:K158R:A206E,MSKGEELFTGVVPILVELDGDVNGHKFSVRGEGEGDATHGKLTIKFICTTGKLPVPWPTLVTTLSYGVQCFSRYPDHMKQHDFFKSAMPEGYVQERTIFFKDDGNYKTRAEVKFEGDTLVNRIELKGIDFKEDGNILGHKLEYNYNPHNVYIMADKQRNGIKVNFKIRHNIEDGSVQLADHYQQNTPIGDGPVLLPDNHYLSTQSELSKDPNEKRDHMVLLEFVTAAGITHGMDELYK,0.06836446929266585,42.13182067871094,46.22895050048828,42.48516845703125
S30R:Y39H:Y145F:A154P:N198Y:S202H,MSKGEELFTGVVPILVELDGDVNGHKFSVRGEGEGDATHGKLTLKFICTTGKLPVPWPTLVTTLSYGVQCFSRYPDHMKQHDFFKSAMPEGYVQERTIFFKDDGNYKTRAEVKFEGDTLVNRIELKGIDFKEDGNILGHKLEYNFNSHNVYIMPDKQKNGIKVNFKIRHNIEDGSVQLADHYQQNTPIGDGPVLLPDYHYLHTQSALSKDPNEKRDHMVLLEFVTAAGITHGMDELYK,0.045503476086024536,40.52912521362305,46.91802978515625,44.941017150878906
S30R:Y145F:A154P:S202H:T203Y:L220V,MSKGEELFTGVVPILVELDGDVNGHKFSVRGEGEGDATYGKLTLKFICTTGKLPVPWPTLVTTLSYGVQCFSRYPDHMKQHDFFKSAMPEGYVQERTIFFKDDGNYKTRAEVKFEGDTLVNRIELKGIDFKEDGNILGHKLEYNFNSHNVYIMPDKQKNGIKVNFKIRHNIEDGSVQLADHYQQNTPIGDGPVLLPDNHYLHYQSALSKDPNEKRDHMVVLEFVTAAGITHGMDELYK,0.05927106695677998,41.03755569458008,45.920597076416016,43.39249801635742
S30R:Y39H:L44I:A154P:K158R:S202H,MSKGEELFTGVVPILVELDGDVNGHKFSVRGEGEGDATHGKLTIKFICTTGKLPVPWPTLVTTLSYGVQCFSRYPDHMKQHDFFKSAMPEGYVQERTIFFKDDGNYKTRAEVKFEGDTLVNRIELKGIDFKEDGNILGHKLEYNYNSHNVYIMPDKQRNGIKVNFKIRHNIEDGSVQLADHYQQNTPIGDGPVLLPDNHYLHTQSALSKDPNEKRDHMVLLEFVTAAGITHGMDELYK,0.049555076826912195,40.81275177001953,45.972145080566406,42.195777893066406
S30R:Y39H:L44I:A154P:N198Y:S202H,MSKGEELFTGVVPILVELDGDVNGHKFSVRGEGEGDATHGKLTIKFICTTGKLPVPWPTLVTTLSYGVQCFSRYPDHMKQHDFFKSAMPEGYVQERTIFFKDDGNYKTRAEVKFEGDTLVNRIELKGIDFKEDGNILGHKLEYNYNSHNVYIMPDKQKNGIKVNFKIRHNIEDGSVQLADHYQQNTPIGDGPVLLPDYHYLHTQSALSKDPNEKRDHMVLLEFVTAAGITHGMDELYK,0.05781096059041498,40.97785186767578,46.47557830810547,42.96861267089844
Y39H:V68I:Q69M:K158R:A206K:T225E,MSKGEELFTGVVPILVELDGDVNGHKFSVSGEGEGDATHGKLTLKFICTTGKLPVPWPTLVTTLSYGIMCFSRYPDHMKQHDFFKSAMPEGYVQERTIFFKDDGNYKTRAEVKFEGDTLVNRIELKGIDFKEDGNILGHKLEYNYNSHNVYIMADKQRNGIKVNFKIRHNIEDGSVQLADHYQQNTPIGDGPVLLPDNHYLSTQSKLSKDPNEKRDHMVLLEFVEAAGITHGMDELYK,0.06449266920720732,42.36166000366211,44.8714599609375,44.465911865234375
S30R:Y39H:Q69M:Y145I:A154P:V224I,MSKGEELFTGVVPILVELDGDVNGHKFSVRGEGEGDATHGKLTLKFICTTGKLPVPWPTLVTTLSYGVMCFSRYPDHMKQHDFFKSAMPEGYVQERTIFFKDDGNYKTRAEVKFEGDTLVNRIELKGIDFKEDGNILGHKLEYNINSHNVYIMPDKQKNGIKVNFKIRHNIEDGSVQLADHYQQNTPIGDGPVLLPDNHYLSTQSALSKDPNEKRDHMVLLEFITAAGITHGMDELYK,0.0655303243931003,41.15217971801758,47.70835494995117,44.318138122558594
S30R:Y39H:L44I:Q69M:A154P,MSKGEELFTGVVPILVELDGDVNGHKFSVRGEGEGDATHGKLTIKFICTTGKLPVPWPTLVTTLSYGVMCFSRYPDHMKQHDFFKSAMPEGYVQERTIFFKDDGNYKTRAEVKFEGDTLVNRIELKGIDFKEDGNILGHKLEYNYNSHNVYIMPDKQKNGIKVNFKIRHNIEDGSVQLADHYQQNTPIGDGPVLLPDNHYLSTQSALSKDPNEKRDHMVLLEFVTAAGITHGMDELYK,0.07317654076830378,41.269126892089844,46.62137222290039,41.9610481262207
T38N:Q69M:N105C:A154P:T203Y:T225E,MSKGEELFTGVVPILVELDGDVNGHKFSVSGEGEGDANYGKLTLKFICTTGKLPVPWPTLVTTLSYGVMCFSRYPDHMKQHDFFKSAMPEGYVQERTIFFKDDGCYKTRAEVKFEGDTLVNRIELKGIDFKEDGNILGHKLEYNYNSHNVYIMPDKQKNGIKVNFKIRHNIEDGSVQLADHYQQNTPIGDGPVLLPDNHYLSYQSALSKDPNEKRDHMVLLEFVEAAGITHGMDELYK,0.059115204045165175,40.91584777832031,44.47491455078125,43.490928649902344
S30R:T38N:N105C:A154P:T203Y:T225E,MSKGEELFTGVVPILVELDGDVNGHKFSVRGEGEGDANYGKLTLKFICTTGKLPVPWPTLVTTLSYGVQCFSRYPDHMKQHDFFKSAMPEGYVQERTIFFKDDGCYKTRAEVKFEGDTLVNRIELKGIDFKEDGNILGHKLEYNYNSHNVYIMPDKQKNGIKVNFKIRHNIEDGSVQLADHYQQNTPIGDGPVLLPDNHYLSYQSALSKDPNEKRDHMVLLEFVEAAGITHGMDELYK,0.047700498880106135,40.8865852355957,44.62245178222656,43.41459655761719
Y39H:L44M:A154P:T203H:V224I:T225E,MSKGEELFTGVVPILVELDGDVNGHKFSVSGEGEGDATHGKLTMKFICTTGKLPVPWPTLVTTLSYGVQCFSRYPDHMKQHDFFKSAMPEGYVQERTIFFKDDGNYKTRAEVKFEGDTLVNRIELKGIDFKEDGNILGHKLEYNYNSHNVYIMPDKQKNGIKVNFKIRHNIEDGSVQLADHYQQNTPIGDGPVLLPDNHYLSHQSALSKDPNEKRDHMVLLEFIEAAGITHGMDELYK,0.027895944778470922,42.95363235473633,45.06190490722656,43.46538543701172
S30R:Y39H:L44I:V68I:Q69M:A154P,MSKGEELFTGVVPILVELDGDVNGHKFSVRGEGEGDATHGKLTIKFICTTGKLPVPWPTLVTTLSYGIMCFSRYPDHMKQHDFFKSAMPEGYVQERTIFFKDDGNYKTRAEVKFEGDTLVNRIELKGIDFKEDGNILGHKLEYNYNSHNVYIMPDKQKNGIKVNFKIRHNIEDGSVQLADHYQQNTPIGDGPVLLPDNHYLSTQSALSKDPNEKRDHMVLLEFVTAAGITHGMDELYK,0.07693472329370522,41.409969329833984,46.661712646484375,42.178314208984375
T38N:L44M:V61A:Q69L:A154P:T203I,MSKGEELFTGVVPILVELDGDVNGHKFSVSGEGEGDANYGKLTMKFICTTGKLPVPWPTLATTLSYGVLCFSRYPDHMKQHDFFKSAMPEGYVQERTIFFKDDGNYKTRAEVKFEGDTLVNRIELKGIDFKEDGNILGHKLEYNYNSHNVYIMPDKQKNGIKVNFKIRHNIEDGSVQLADHYQQNTPIGDGPVLLPDNHYLSIQSALSKDPNEKRDHMVLLEFVTAAGITHGMDELYK,0.0589115266661724,42.79884338378906,46.423675537109375,41.72969055175781
S30R:T38N:Y39H:L44I:A154P:S202H,MSKGEELFTGVVPILVELDGDVNGHKFSVRGEGEGDANHGKLTIKFICTTGKLPVPWPTLVTTLSYGVQCFSRYPDHMKQHDFFKSAMPEGYVQERTIFFKDDGNYKTRAEVKFEGDTLVNRIELKGIDFKEDGNILGHKLEYNYNSHNVYIMPDKQKNGIKVNFKIRHNIEDGSVQLADHYQQNTPIGDGPVLLPDNHYLHTQSALSKDPNEKRDHMVLLEFVTAAGITHGMDELYK,0.051329299035774836,41.66252517700195,46.60334014892578,42.234031677246094
S30R:Y39H:A154P:N198Y:S202H:V224I,MSKGEELFTGVVPILVELDGDVNGHKFSVRGEGEGDATHGKLTLKFICTTGKLPVPWPTLVTTLSYGVQCFSRYPDHMKQHDFFKSAMPEGYVQERTIFFKDDGNYKTRAEVKFEGDTLVNRIELKGIDFKEDGNILGHKLEYNYNSHNVYIMPDKQKNGIKVNFKIRHNIEDGSVQLADHYQQNTPIGDGPVLLPDYHYLHTQSALSKDPNEKRDHMVLLEFITAAGITHGMDELYK,0.0509269896954006,41.1451416015625,46.83595657348633,44.518959045410156
S30R:T38N:Y39H:L44I:Y145F:A154P,MSKGEELFTGVVPILVELDGDVNGHKFSVRGEGEGDANHGKLTIKFICTTGKLPVPWPTLVTTLSYGVQCFSRYPDHMKQHDFFKSAMPEGYVQERTIFFKDDGNYKTRAEVKFEGDTLVNRIELKGIDFKEDGNILGHKLEYNFNSHNVYIMPDKQKNGIKVNFKIRHNIEDGSVQLADHYQQNTPIGDGPVLLPDNHYLSTQSALSKDPNEKRDHMVLLEFVTAAGITHGMDELYK,0.05102111591299945,41.376285552978516,46.857688903808594,42.77880859375
S30R:Y39H:Q69M:Y145I:A154P,MSKGEELFTGVVPILVELDGDVNGHKFSVRGEGEGDATHGKLTLKFICTTGKLPVPWPTLVTTLSYGVMCFSRYPDHMKQHDFFKSAMPEGYVQERTIFFKDDGNYKTRAEVKFEGDTLVNRIELKGIDFKEDGNILGHKLEYNINSHNVYIMPDKQKNGIKVNFKIRHNIEDGSVQLADHYQQNTPIGDGPVLLPDNHYLSTQSALSKDPNEKRDHMVLLEFVTAAGITHGMDELYK,0.061711899809958774,41.048858642578125,46.622310638427734,43.98651123046875
T38N:V61A:Q69M:A154P:T203I:V224I,MSKGEELFTGVVPILVELDGDVNGHKFSVSGEGEGDANYGKLTLKFICTTGKLPVPWPTLATTLSYGVMCFSRYPDHMKQHDFFKSAMPEGYVQERTIFFKDDGNYKTRAEVKFEGDTLVNRIELKGIDFKEDGNILGHKLEYNYNSHNVYIMPDKQKNGIKVNFKIRHNIEDGSVQLADHYQQNTPIGDGPVLLPDNHYLSIQSALSKDPNEKRDHMVLLEFITAAGITHGMDELYK,0.06654944357580397,43.186134338378906,47.43619155883789,42.26211166381836
S30R:Y39H:Q69M:Y145I:V150I:A154P,MSKGEELFTGVVPILVELDGDVNGHKFSVRGEGEGDATHGKLTLKFICTTGKLPVPWPTLVTTLSYGVMCFSRYPDHMKQHDFFKSAMPEGYVQERTIFFKDDGNYKTRAEVKFEGDTLVNRIELKGIDFKEDGNILGHKLEYNINSHNIYIMPDKQKNGIKVNFKIRHNIEDGSVQLADHYQQNTPIGDGPVLLPDNHYLSTQSALSKDPNEKRDHMVLLEFVTAAGITHGMDELYK,0.06855009681787458,41.036956787109375,46.690696716308594,44.40216064453125
G4S:N105C:A154P:T203W:V224I:T225E,MSKSEELFTGVVPILVELDGDVNGHKFSVSGEGEGDATYGKLTLKFICTTGKLPVPWPTLVTTLSYGVQCFSRYPDHMKQHDFFKSAMPEGYVQERTIFFKDDGCYKTRAEVKFEGDTLVNRIELKGIDFKEDGNILGHKLEYNYNSHNVYIMPDKQKNGIKVNFKIRHNIEDGSVQLADHYQQNTPIGDGPVLLPDNHYLSWQSALSKDPNEKRDHMVLLEFIEAAGITHGMDELYK,0.026223793790925334,40.50053024291992,44.219547271728516,42.665889739990234
T38N:V61A:Q69L:Y145F:A154P:T203I,MSKGEELFTGVVPILVELDGDVNGHKFSVSGEGEGDANYGKLTLKFICTTGKLPVPWPTLATTLSYGVLCFSRYPDHMKQHDFFKSAMPEGYVQERTIFFKDDGNYKTRAEVKFEGDTLVNRIELKGIDFKEDGNILGHKLEYNFNSHNVYIMPDKQKNGIKVNFKIRHNIEDGSVQLADHYQQNTPIGDGPVLLPDNHYLSIQSALSKDPNEKRDHMVLLEFVTAAGITHGMDELYK,0.06344225997620581,42.0174560546875,46.1559944152832,42.78432846069336
S30R:Y39H:Q69M:V150I:A154P:K158R,MSKGEELFTGVVPILVELDGDVNGHKFSVRGEGEGDATHGKLTLKFICTTGKLPVPWPTLVTTLSYGVMCFSRYPDHMKQHDFFKSAMPEGYVQERTIFFKDDGNYKTRAEVKFEGDTLVNRIELKGIDFKEDGNILGHKLEYNYNSHNIYIMPDKQRNGIKVNFKIRHNIEDGSVQLADHYQQNTPIGDGPVLLPDNHYLSTQSALSKDPNEKRDHMVLLEFVTAAGITHGMDELYK,0.06385611761101714,40.89542007446289,46.11949157714844,43.11931228637695
Y39H:V61L:S202H:T203H:A206E:T225E,MSKGEELFTGVVPILVELDGDVNGHKFSVSGEGEGDATHGKLTLKFICTTGKLPVPWPTLLTTLSYGVQCFSRYPDHMKQHDFFKSAMPEGYVQERTIFFKDDGNYKTRAEVKFEGDTLVNRIELKGIDFKEDGNILGHKLEYNYNSHNVYIMADKQKNGIKVNFKIRHNIEDGSVQLADHYQQNTPIGDGPVLLPDNHYLHHQSELSKDPNEKRDHMVLLEFVEAAGITHGMDELYK,0.04010219606026723,42.59063720703125,44.99125671386719,45.524723052978516
T38N:Y39H:S202H:T203H:S205T:L220V,MSKGEELFTGVVPILVELDGDVNGHKFSVSGEGEGDANHGKLTLKFICTTGKLPVPWPTLVTTLSYGVQCFSRYPDHMKQHDFFKSAMPEGYVQERTIFFKDDGNYKTRAEVKFEGDTLVNRIELKGIDFKEDGNILGHKLEYNYNSHNVYIMADKQKNGIKVNFKIRHNIEDGSVQLADHYQQNTPIGDGPVLLPDNHYLHHQTALSKDPNEKRDHMVVLEFVTAAGITHGMDELYK,0.054658921146261696,41.156158447265625,46.627132415771484,43.86719512939453
S30R:T38N:Y39H:Q69M:Y145I:A154P,MSKGEELFTGVVPILVELDGDVNGHKFSVRGEGEGDANHGKLTLKFICTTGKLPVPWPTLVTTLSYGVMCFSRYPDHMKQHDFFKSAMPEGYVQERTIFFKDDGNYKTRAEVKFEGDTLVNRIELKGIDFKEDGNILGHKLEYNINSHNVYIMPDKQKNGIKVNFKIRHNIEDGSVQLADHYQQNTPIGDGPVLLPDNHYLSTQSALSKDPNEKRDHMVLLEFVTAAGITHGMDELYK,0.061446888381082136,41.9356689453125,46.680137634277344,43.63861846923828
T38N:Y39H:S205T:A206K:V224I:T225E,MSKGEELFTGVVPILVELDGDVNGHKFSVSGEGEGDANHGKLTLKFICTTGKLPVPWPTLVTTLSYGVQCFSRYPDHMKQHDFFKSAMPEGYVQERTIFFKDDGNYKTRAEVKFEGDTLVNRIELKGIDFKEDGNILGHKLEYNYNSHNVYIMADKQKNGIKVNFKIRHNIEDGSVQLADHYQQNTPIGDGPVLLPDNHYLSTQTKLSKDPNEKRDHMVLLEFIEAAGITHGMDELYK,0.051062608532670195,42.70958709716797,45.55255126953125,45.15791320800781
S30R:Y39H:Y145I:A154P:N198Y:S202H,MSKGEELFTGVVPILVELDGDVNGHKFSVRGEGEGDATHGKLTLKFICTTGKLPVPWPTLVTTLSYGVQCFSRYPDHMKQHDFFKSAMPEGYVQERTIFFKDDGNYKTRAEVKFEGDTLVNRIELKGIDFKEDGNILGHKLEYNINSHNVYIMPDKQKNGIKVNFKIRHNIEDGSVQLADHYQQNTPIGDGPVLLPDYHYLHTQSALSKDPNEKRDHMVLLEFVTAAGITHGMDELYK,0.05066939924523924,41.08481979370117,46.25511932373047,44.64532470703125
S30R:Y39H:L44I:Q69M:Y145I:A154P,MSKGEELFTGVVPILVELDGDVNGHKFSVRGEGEGDATHGKLTIKFICTTGKLPVPWPTLVTTLSYGVMCFSRYPDHMKQHDFFKSAMPEGYVQERTIFFKDDGNYKTRAEVKFEGDTLVNRIELKGIDFKEDGNILGHKLEYNINSHNVYIMPDKQKNGIKVNFKIRHNIEDGSVQLADHYQQNTPIGDGPVLLPDNHYLSTQSALSKDPNEKRDHMVLLEFVTAAGITHGMDELYK,0.0753179683318325,41.239349365234375,47.059730529785156,43.26689147949219
S30R:T38N:Y39H:Y145F:A154P:S202H,MSKGEELFTGVVPILVELDGDVNGHKFSVRGEGEGDANHGKLTLKFICTTGKLPVPWPTLVTTLSYGVQCFSRYPDHMKQHDFFKSAMPEGYVQERTIFFKDDGNYKTRAEVKFEGDTLVNRIELKGIDFKEDGNILGHKLEYNFNSHNVYIMPDKQKNGIKVNFKIRHNIEDGSVQLADHYQQNTPIGDGPVLLPDNHYLHTQSALSKDPNEKRDHMVLLEFVTAAGITHGMDELYK,0.039663006535812034,41.46055603027344,47.12017822265625,43.51678466796875
S30R:T38N:Y39H:V112I:Y145F:A154P,MSKGEELFTGVVPILVELDGDVNGHKFSVRGEGEGDANHGKLTLKFICTTGKLPVPWPTLVTTLSYGVQCFSRYPDHMKQHDFFKSAMPEGYVQERTIFFKDDGNYKTRAEIKFEGDTLVNRIELKGIDFKEDGNILGHKLEYNFNSHNVYIMPDKQKNGIKVNFKIRHNIEDGSVQLADHYQQNTPIGDGPVLLPDNHYLSTQSALSKDPNEKRDHMVLLEFVTAAGITHGMDELYK,0.047926088098586825,40.969181060791016,46.666664123535156,43.50342559814453
S30R:Y39H:V68I:Q69M:Y145I:A154P,MSKGEELFTGVVPILVELDGDVNGHKFSVRGEGEGDATHGKLTLKFICTTGKLPVPWPTLVTTLSYGIMCFSRYPDHMKQHDFFKSAMPEGYVQERTIFFKDDGNYKTRAEVKFEGDTLVNRIELKGIDFKEDGNILGHKLEYNINSHNVYIMPDKQKNGIKVNFKIRHNIEDGSVQLADHYQQNTPIGDGPVLLPDNHYLSTQSALSKDPNEKRDHMVLLEFVTAAGITHGMDELYK,0.06501299061536432,41.415592193603516,46.555397033691406,44.01687240600586
S30R:Y39H:Y145F:A154P:S202H:V224I,MSKGEELFTGVVPILVELDGDVNGHKFSVRGEGEGDATHGKLTLKFICTTGKLPVPWPTLVTTLSYGVQCFSRYPDHMKQHDFFKSAMPEGYVQERTIFFKDDGNYKTRAEVKFEGDTLVNRIELKGIDFKEDGNILGHKLEYNFNSHNVYIMPDKQKNGIKVNFKIRHNIEDGSVQLADHYQQNTPIGDGPVLLPDNHYLHTQSALSKDPNEKRDHMVLLEFITAAGITHGMDELYK,0.046010287620410824,40.76247024536133,46.80522155761719,44.474632263183594
S30R:Y39H:L44I:Q69L:A154P:K158R,MSKGEELFTGVVPILVELDGDVNGHKFSVRGEGEGDATHGKLTIKFICTTGKLPVPWPTLVTTLSYGVLCFSRYPDHMKQHDFFKSAMPEGYVQERTIFFKDDGNYKTRAEVKFEGDTLVNRIELKGIDFKEDGNILGHKLEYNYNSHNVYIMPDKQRNGIKVNFKIRHNIEDGSVQLADHYQQNTPIGDGPVLLPDNHYLSTQSALSKDPNEKRDHMVLLEFVTAAGITHGMDELYK,0.07271974827263532,40.51826858520508,46.03135681152344,42.186805725097656
Y39H:V61I:S205T:A206K:V224I:T225E,MSKGEELFTGVVPILVELDGDVNGHKFSVSGEGEGDATHGKLTLKFICTTGKLPVPWPTLITTLSYGVQCFSRYPDHMKQHDFFKSAMPEGYVQERTIFFKDDGNYKTRAEVKFEGDTLVNRIELKGIDFKEDGNILGHKLEYNYNSHNVYIMADKQKNGIKVNFKIRHNIEDGSVQLADHYQQNTPIGDGPVLLPDNHYLSTQTKLSKDPNEKRDHMVLLEFIEAAGITHGMDELYK,0.05656580523813594,42.850669860839844,45.43179702758789,45.21774673461914
S30R:Y39H:Y145F:A154P:V224I,MSKGEELFTGVVPILVELDGDVNGHKFSVRGEGEGDATHGKLTLKFICTTGKLPVPWPTLVTTLSYGVQCFSRYPDHMKQHDFFKSAMPEGYVQERTIFFKDDGNYKTRAEVKFEGDTLVNRIELKGIDFKEDGNILGHKLEYNFNSHNVYIMPDKQKNGIKVNFKIRHNIEDGSVQLADHYQQNTPIGDGPVLLPDNHYLSTQSALSKDPNEKRDHMVLLEFITAAGITHGMDELYK,0.046702832409980855,40.98926544189453,47.114898681640625,44.49394226074219
Y39H:L44M:T108V:A154P:S202H:T225E,MSKGEELFTGVVPILVELDGDVNGHKFSVSGEGEGDATHGKLTMKFICTTGKLPVPWPTLVTTLSYGVQCFSRYPDHMKQHDFFKSAMPEGYVQERTIFFKDDGNYKVRAEVKFEGDTLVNRIELKGIDFKEDGNILGHKLEYNYNSHNVYIMPDKQKNGIKVNFKIRHNIEDGSVQLADHYQQNTPIGDGPVLLPDNHYLHTQSALSKDPNEKRDHMVLLEFVEAAGITHGMDELYK,0.052070365674330286,42.9168586730957,47.126548767089844,44.21503448486328
Y39H:V68I:Q69M:S202H:A206E:T225E,MSKGEELFTGVVPILVELDGDVNGHKFSVSGEGEGDATHGKLTLKFICTTGKLPVPWPTLVTTLSYGIMCFSRYPDHMKQHDFFKSAMPEGYVQERTIFFKDDGNYKTRAEVKFEGDTLVNRIELKGIDFKEDGNILGHKLEYNYNSHNVYIMADKQKNGIKVNFKIRHNIEDGSVQLADHYQQNTPIGDGPVLLPDNHYLHTQSELSKDPNEKRDHMVLLEFVEAAGITHGMDELYK,0.0664105945936448,42.77957534790039,44.56538772583008,45.305442810058594
G4S:N105C:A154P:T203Y:V224I:T225E,MSKSEELFTGVVPILVELDGDVNGHKFSVSGEGEGDATYGKLTLKFICTTGKLPVPWPTLVTTLSYGVQCFSRYPDHMKQHDFFKSAMPEGYVQERTIFFKDDGCYKTRAEVKFEGDTLVNRIELKGIDFKEDGNILGHKLEYNYNSHNVYIMPDKQKNGIKVNFKIRHNIEDGSVQLADHYQQNTPIGDGPVLLPDNHYLSYQSALSKDPNEKRDHMVLLEFIEAAGITHGMDELYK,0.02826827293527246,41.15536880493164,44.38138961791992,43.91899108886719
Y39H:L44M:K158N:S202H:T203H:S205T,MSKGEELFTGVVPILVELDGDVNGHKFSVSGEGEGDATHGKLTMKFICTTGKLPVPWPTLVTTLSYGVQCFSRYPDHMKQHDFFKSAMPEGYVQERTIFFKDDGNYKTRAEVKFEGDTLVNRIELKGIDFKEDGNILGHKLEYNYNSHNVYIMADKQNNGIKVNFKIRHNIEDGSVQLADHYQQNTPIGDGPVLLPDNHYLHHQTALSKDPNEKRDHMVLLEFVTAAGITHGMDELYK,0.0425806968404337,42.122581481933594,45.64718246459961,43.73094940185547
S30R:Y39H:L44I:Q69M:A154P:T203H,MSKGEELFTGVVPILVELDGDVNGHKFSVRGEGEGDATHGKLTIKFICTTGKLPVPWPTLVTTLSYGVMCFSRYPDHMKQHDFFKSAMPEGYVQERTIFFKDDGNYKTRAEVKFEGDTLVNRIELKGIDFKEDGNILGHKLEYNYNSHNVYIMPDKQKNGIKVNFKIRHNIEDGSVQLADHYQQNTPIGDGPVLLPDNHYLSHQSALSKDPNEKRDHMVLLEFVTAAGITHGMDELYK,0.06466293277887637,41.89028549194336,46.14790725708008,42.14518737792969
Y39H:V68I:Q69L:S202H:A206E:T225E,MSKGEELFTGVVPILVELDGDVNGHKFSVSGEGEGDATHGKLTLKFICTTGKLPVPWPTLVTTLSYGILCFSRYPDHMKQHDFFKSAMPEGYVQERTIFFKDDGNYKTRAEVKFEGDTLVNRIELKGIDFKEDGNILGHKLEYNYNSHNVYIMADKQKNGIKVNFKIRHNIEDGSVQLADHYQQNTPIGDGPVLLPDNHYLHTQSELSKDPNEKRDHMVLLEFVEAAGITHGMDELYK,0.07212718678293742,41.92997360229492,44.4056510925293,45.72382736206055
S30R:Y39H:V61I:Q69M:A206K:T225E,MSKGEELFTGVVPILVELDGDVNGHKFSVRGEGEGDATHGKLTLKFICTTGKLPVPWPTLITTLSYGVMCFSRYPDHMKQHDFFKSAMPEGYVQERTIFFKDDGNYKTRAEVKFEGDTLVNRIELKGIDFKEDGNILGHKLEYNYNSHNVYIMADKQKNGIKVNFKIRHNIEDGSVQLADHYQQNTPIGDGPVLLPDNHYLSTQSKLSKDPNEKRDHMVLLEFVEAAGITHGMDELYK,0.07458766272715403,42.321685791015625,45.17266082763672,44.38583755493164
S30R:Y39H:L44I:A154P:S202H:V224I,MSKGEELFTGVVPILVELDGDVNGHKFSVRGEGEGDATHGKLTIKFICTTGKLPVPWPTLVTTLSYGVQCFSRYPDHMKQHDFFKSAMPEGYVQERTIFFKDDGNYKTRAEVKFEGDTLVNRIELKGIDFKEDGNILGHKLEYNYNSHNVYIMPDKQKNGIKVNFKIRHNIEDGSVQLADHYQQNTPIGDGPVLLPDNHYLHTQSALSKDPNEKRDHMVLLEFITAAGITHGMDELYK,0.05753005839408449,41.01191329956055,47.57528305053711,42.47870635986328
S30R:V61I:Q69M:Y145F:A154P:L220V,MSKGEELFTGVVPILVELDGDVNGHKFSVRGEGEGDATYGKLTLKFICTTGKLPVPWPTLITTLSYGVMCFSRYPDHMKQHDFFKSAMPEGYVQERTIFFKDDGNYKTRAEVKFEGDTLVNRIELKGIDFKEDGNILGHKLEYNFNSHNVYIMPDKQKNGIKVNFKIRHNIEDGSVQLADHYQQNTPIGDGPVLLPDNHYLSTQSALSKDPNEKRDHMVVLEFVTAAGITHGMDELYK,0.07584534464423016,41.370853424072266,45.90504455566406,43.06732940673828
S30R:Y39H:L44I:A154P:S202H:T203H,MSKGEELFTGVVPILVELDGDVNGHKFSVRGEGEGDATHGKLTIKFICTTGKLPVPWPTLVTTLSYGVQCFSRYPDHMKQHDFFKSAMPEGYVQERTIFFKDDGNYKTRAEVKFEGDTLVNRIELKGIDFKEDGNILGHKLEYNYNSHNVYIMPDKQKNGIKVNFKIRHNIEDGSVQLADHYQQNTPIGDGPVLLPDNHYLHHQSALSKDPNEKRDHMVLLEFVTAAGITHGMDELYK,0.045234143176026316,41.668399810791016,45.94129943847656,42.81451416015625
S30R:T38N:Y39H:Y145F:A154P:V224I,MSKGEELFTGVVPILVELDGDVNGHKFSVRGEGEGDANHGKLTLKFICTTGKLPVPWPTLVTTLSYGVQCFSRYPDHMKQHDFFKSAMPEGYVQERTIFFKDDGNYKTRAEVKFEGDTLVNRIELKGIDFKEDGNILGHKLEYNFNSHNVYIMPDKQKNGIKVNFKIRHNIEDGSVQLADHYQQNTPIGDGPVLLPDNHYLSTQSALSKDPNEKRDHMVLLEFITAAGITHGMDELYK,0.04575771806667057,41.89396286010742,47.28742218017578,44.01127624511719
S30R:Y39H:Y145F:A154P:K158R:V224I,MSKGEELFTGVVPILVELDGDVNGHKFSVRGEGEGDATHGKLTLKFICTTGKLPVPWPTLVTTLSYGVQCFSRYPDHMKQHDFFKSAMPEGYVQERTIFFKDDGNYKTRAEVKFEGDTLVNRIELKGIDFKEDGNILGHKLEYNFNSHNVYIMPDKQRNGIKVNFKIRHNIEDGSVQLADHYQQNTPIGDGPVLLPDNHYLSTQSALSKDPNEKRDHMVLLEFITAAGITHGMDELYK,0.04519759322394467,40.59613800048828,46.666202545166016,43.793724060058594
S30R:Y39H:Q69M:V112L:Y145I:A154P,MSKGEELFTGVVPILVELDGDVNGHKFSVRGEGEGDATHGKLTLKFICTTGKLPVPWPTLVTTLSYGVMCFSRYPDHMKQHDFFKSAMPEGYVQERTIFFKDDGNYKTRAELKFEGDTLVNRIELKGIDFKEDGNILGHKLEYNINSHNVYIMPDKQKNGIKVNFKIRHNIEDGSVQLADHYQQNTPIGDGPVLLPDNHYLSTQSALSKDPNEKRDHMVLLEFVTAAGITHGMDELYK,0.05757858022176193,40.686893463134766,46.49298095703125,43.852561950683594
