mut,seq,predicted_brigtness,predicted_tm,nmut
T38N:L44M:Q69M:Y145F:A154P:T203I,MSKGEELFTGVVPILVELDGDVNGHKFSVSGEGEGDANYGKLTMKFICTTGKLPVPWPTLVTTLSYGVMCFSRYPDHMKQHDFFKSAMPEGYVQERTIFFKDDGNYKTRAEVKFEGDTLVNRIELKGIDFKEDGNILGHKLEYNFNSHNVYIMPDKQKNGIKVNFKIRHNIEDGSVQLADHYQQNTPIGDGPVLLPDNHYLSIQSALSKDPNEKRDHMVLLEFVTAAGITHGMDELYK,4.0199689865112305,43.89543914794922,6
G4S:V61A:Q69M:Y145F:A154P:T203I,MSKSEELFTGVVPILVELDGDVNGHKFSVSGEGEGDATYGKLTLKFICTTGKLPVPWPTLATTLSYGVMCFSRYPDHMKQHDFFKSAMPEGYVQERTIFFKDDGNYKTRAEVKFEGDTLVNRIELKGIDFKEDGNILGHKLEYNFNSHNVYIMPDKQKNGIKVNFKIRHNIEDGSVQLADHYQQNTPIGDGPVLLPDNHYLSIQSALSKDPNEKRDHMVLLEFVTAAGITHGMDELYK,3.9922497272491455,44.00418472290039,6
S30R:L44M:Q69M:Y145F:A154P:T203I,MSKGEELFTGVVPILVELDGDVNGHKFSVRGEGEGDATYGKLTMKFICTTGKLPVPWPTLVTTLSYGVMCFSRYPDHMKQHDFFKSAMPEGYVQERTIFFKDDGNYKTRAEVKFEGDTLVNRIELKGIDFKEDGNILGHKLEYNFNSHNVYIMPDKQKNGIKVNFKIRHNIEDGSVQLADHYQQNTPIGDGPVLLPDNHYLSIQSALSKDPNEKRDHMVLLEFVTAAGITHGMDELYK,3.991632223129272,42.87793350219727,6
S30R:Y39H:L44I:Q69M:Y145F:A154P,MSKGEELFTGVVPILVELDGDVNGHKFSVRGEGEGDATHGKLTIKFICTTGKLPVPWPTLVTTLSYGVMCFSRYPDHMKQHDFFKSAMPEGYVQERTIFFKDDGNYKTRAEVKFEGDTLVNRIELKGIDFKEDGNILGHKLEYNFNSHNVYIMPDKQKNGIKVNFKIRHNIEDGSVQLADHYQQNTPIGDGPVLLPDNHYLSTQSALSKDPNEKRDHMVLLEFVTAAGITHGMDELYK,3.985511779785156,43.441116333007805,6
L44M:Q69M:Y145F:A154P:T203I,MSKGEELFTGVVPILVELDGDVNGHKFSVSGEGEGDATYGKLTMKFICTTGKLPVPWPTLVTTLSYGVMCFSRYPDHMKQHDFFKSAMPEGYVQERTIFFKDDGNYKTRAEVKFEGDTLVNRIELKGIDFKEDGNILGHKLEYNFNSHNVYIMPDKQKNGIKVNFKIRHNIEDGSVQLADHYQQNTPIGDGPVLLPDNHYLSIQSALSKDPNEKRDHMVLLEFVTAAGITHGMDELYK,3.9834010601043697,42.989376068115234,5
Y39H:V61I:S202H:T203H:A206K:T225E,MSKGEELFTGVVPILVELDGDVNGHKFSVSGEGEGDATHGKLTLKFICTTGKLPVPWPTLITTLSYGVQCFSRYPDHMKQHDFFKSAMPEGYVQERTIFFKDDGNYKTRAEVKFEGDTLVNRIELKGIDFKEDGNILGHKLEYNYNSHNVYIMADKQKNGIKVNFKIRHNIEDGSVQLADHYQQNTPIGDGPVLLPDNHYLHHQSKLSKDPNEKRDHMVLLEFVEAAGITHGMDELYK,3.9825961589813232,44.227317810058594,6
T38N:L44M:Q69A:Y145F:A154P:T203I,MSKGEELFTGVVPILVELDGDVNGHKFSVSGEGEGDANYGKLTMKFICTTGKLPVPWPTLVTTLSYGVACFSRYPDHMKQHDFFKSAMPEGYVQERTIFFKDDGNYKTRAEVKFEGDTLVNRIELKGIDFKEDGNILGHKLEYNFNSHNVYIMPDKQKNGIKVNFKIRHNIEDGSVQLADHYQQNTPIGDGPVLLPDNHYLSIQSALSKDPNEKRDHMVLLEFVTAAGITHGMDELYK,3.9752964973449703,43.00406265258789,6
L44M:Q69A:Y145F:A154P:T203I,MSKGEELFTGVVPILVELDGDVNGHKFSVSGEGEGDATYGKLTMKFICTTGKLPVPWPTLVTTLSYGVACFSRYPDHMKQHDFFKSAMPEGYVQERTIFFKDDGNYKTRAEVKFEGDTLVNRIELKGIDFKEDGNILGHKLEYNFNSHNVYIMPDKQKNGIKVNFKIRHNIEDGSVQLADHYQQNTPIGDGPVLLPDNHYLSIQSALSKDPNEKRDHMVLLEFVTAAGITHGMDELYK,3.9723424911499023,43.516239166259766,5
Y39H:S202H:T203H:A206K:T225E,MSKGEELFTGVVPILVELDGDVNGHKFSVSGEGEGDATHGKLTLKFICTTGKLPVPWPTLVTTLSYGVQCFSRYPDHMKQHDFFKSAMPEGYVQERTIFFKDDGNYKTRAEVKFEGDTLVNRIELKGIDFKEDGNILGHKLEYNYNSHNVYIMADKQKNGIKVNFKIRHNIEDGSVQLADHYQQNTPIGDGPVLLPDNHYLHHQSKLSKDPNEKRDHMVLLEFVEAAGITHGMDELYK,3.9711165428161617,43.45054626464844,5
S30R:Y39H:L44I:Q69M:A154P:K158R,MSKGEELFTGVVPILVELDGDVNGHKFSVRGEGEGDATHGKLTIKFICTTGKLPVPWPTLVTTLSYGVMCFSRYPDHMKQHDFFKSAMPEGYVQERTIFFKDDGNYKTRAEVKFEGDTLVNRIELKGIDFKEDGNILGHKLEYNYNSHNVYIMPDKQRNGIKVNFKIRHNIEDGSVQLADHYQQNTPIGDGPVLLPDNHYLSTQSALSKDPNEKRDHMVLLEFVTAAGITHGMDELYK,3.9682579040527344,44.46163558959961,6
Y39H:K158N:S202H:T203H:S205T,MSKGEELFTGVVPILVELDGDVNGHKFSVSGEGEGDATHGKLTLKFICTTGKLPVPWPTLVTTLSYGVQCFSRYPDHMKQHDFFKSAMPEGYVQERTIFFKDDGNYKTRAEVKFEGDTLVNRIELKGIDFKEDGNILGHKLEYNYNSHNVYIMADKQNNGIKVNFKIRHNIEDGSVQLADHYQQNTPIGDGPVLLPDNHYLHHQTALSKDPNEKRDHMVLLEFVTAAGITHGMDELYK,3.9654650688171382,43.46701049804688,5
S30R:Y39H:L44I:Q69L:Y145F:A154P,MSKGEELFTGVVPILVELDGDVNGHKFSVRGEGEGDATHGKLTIKFICTTGKLPVPWPTLVTTLSYGVLCFSRYPDHMKQHDFFKSAMPEGYVQERTIFFKDDGNYKTRAEVKFEGDTLVNRIELKGIDFKEDGNILGHKLEYNFNSHNVYIMPDKQKNGIKVNFKIRHNIEDGSVQLADHYQQNTPIGDGPVLLPDNHYLSTQSALSKDPNEKRDHMVLLEFVTAAGITHGMDELYK,3.9610004425048824,43.14988708496094,6
Y39H:L44I:S202H:T203H:A206K:T225E,MSKGEELFTGVVPILVELDGDVNGHKFSVSGEGEGDATHGKLTIKFICTTGKLPVPWPTLVTTLSYGVQCFSRYPDHMKQHDFFKSAMPEGYVQERTIFFKDDGNYKTRAEVKFEGDTLVNRIELKGIDFKEDGNILGHKLEYNYNSHNVYIMADKQKNGIKVNFKIRHNIEDGSVQLADHYQQNTPIGDGPVLLPDNHYLHHQSKLSKDPNEKRDHMVLLEFVEAAGITHGMDELYK,3.9608633518218994,42.713577270507805,6
S30R:Y39H:L44I:Q69M:A154P:S202H,MSKGEELFTGVVPILVELDGDVNGHKFSVRGEGEGDATHGKLTIKFICTTGKLPVPWPTLVTTLSYGVMCFSRYPDHMKQHDFFKSAMPEGYVQERTIFFKDDGNYKTRAEVKFEGDTLVNRIELKGIDFKEDGNILGHKLEYNYNSHNVYIMPDKQKNGIKVNFKIRHNIEDGSVQLADHYQQNTPIGDGPVLLPDNHYLHTQSALSKDPNEKRDHMVLLEFVTAAGITHGMDELYK,3.959692001342773,42.3103141784668,6
S30R:L44M:Q69A:Y145F:A154P:T203I,MSKGEELFTGVVPILVELDGDVNGHKFSVRGEGEGDATYGKLTMKFICTTGKLPVPWPTLVTTLSYGVACFSRYPDHMKQHDFFKSAMPEGYVQERTIFFKDDGNYKTRAEVKFEGDTLVNRIELKGIDFKEDGNILGHKLEYNFNSHNVYIMPDKQKNGIKVNFKIRHNIEDGSVQLADHYQQNTPIGDGPVLLPDNHYLSIQSALSKDPNEKRDHMVLLEFVTAAGITHGMDELYK,3.958507537841797,43.51423645019531,6
T38N:Q69M:Y145F:A154P:T203I,MSKGEELFTGVVPILVELDGDVNGHKFSVSGEGEGDANYGKLTLKFICTTGKLPVPWPTLVTTLSYGVMCFSRYPDHMKQHDFFKSAMPEGYVQERTIFFKDDGNYKTRAEVKFEGDTLVNRIELKGIDFKEDGNILGHKLEYNFNSHNVYIMPDKQKNGIKVNFKIRHNIEDGSVQLADHYQQNTPIGDGPVLLPDNHYLSIQSALSKDPNEKRDHMVLLEFVTAAGITHGMDELYK,3.9581804275512695,43.509559631347656,5
Y39H:L44M:V61A:Q69M:A154P:T203I,MSKGEELFTGVVPILVELDGDVNGHKFSVSGEGEGDATHGKLTMKFICTTGKLPVPWPTLATTLSYGVMCFSRYPDHMKQHDFFKSAMPEGYVQERTIFFKDDGNYKTRAEVKFEGDTLVNRIELKGIDFKEDGNILGHKLEYNYNSHNVYIMPDKQKNGIKVNFKIRHNIEDGSVQLADHYQQNTPIGDGPVLLPDNHYLSIQSALSKDPNEKRDHMVLLEFVTAAGITHGMDELYK,3.9579913616180415,42.77163314819336,6
Y39H:L44I:S202H:A206K:V224I:T225E,MSKGEELFTGVVPILVELDGDVNGHKFSVSGEGEGDATHGKLTIKFICTTGKLPVPWPTLVTTLSYGVQCFSRYPDHMKQHDFFKSAMPEGYVQERTIFFKDDGNYKTRAEVKFEGDTLVNRIELKGIDFKEDGNILGHKLEYNYNSHNVYIMADKQKNGIKVNFKIRHNIEDGSVQLADHYQQNTPIGDGPVLLPDNHYLHTQSKLSKDPNEKRDHMVLLEFIEAAGITHGMDELYK,3.9573583602905273,44.19684600830078,6
Y39H:S202H:A206K:V224I:T225E,MSKGEELFTGVVPILVELDGDVNGHKFSVSGEGEGDATHGKLTLKFICTTGKLPVPWPTLVTTLSYGVQCFSRYPDHMKQHDFFKSAMPEGYVQERTIFFKDDGNYKTRAEVKFEGDTLVNRIELKGIDFKEDGNILGHKLEYNYNSHNVYIMADKQKNGIKVNFKIRHNIEDGSVQLADHYQQNTPIGDGPVLLPDNHYLHTQSKLSKDPNEKRDHMVLLEFIEAAGITHGMDELYK,3.9558703899383536,42.49376678466797,5
T38N:N105C:A154P:T203Y:V224I:T225E,MSKGEELFTGVVPILVELDGDVNGHKFSVSGEGEGDANYGKLTLKFICTTGKLPVPWPTLVTTLSYGVQCFSRYPDHMKQHDFFKSAMPEGYVQERTIFFKDDGCYKTRAEVKFEGDTLVNRIELKGIDFKEDGNILGHKLEYNYNSHNVYIMPDKQKNGIKVNFKIRHNIEDGSVQLADHYQQNTPIGDGPVLLPDNHYLSYQSALSKDPNEKRDHMVLLEFIEAAGITHGMDELYK,3.955720663070679,42.45551681518555,6
Y39H:V61I:S202H:T203H:A206E:T225E,MSKGEELFTGVVPILVELDGDVNGHKFSVSGEGEGDATHGKLTLKFICTTGKLPVPWPTLITTLSYGVQCFSRYPDHMKQHDFFKSAMPEGYVQERTIFFKDDGNYKTRAEVKFEGDTLVNRIELKGIDFKEDGNILGHKLEYNYNSHNVYIMADKQKNGIKVNFKIRHNIEDGSVQLADHYQQNTPIGDGPVLLPDNHYLHHQSELSKDPNEKRDHMVLLEFVEAAGITHGMDELYK,3.9541273117065434,42.720096588134766,6
Y39H:V61I:K158N:S202H:T203H:S205T,MSKGEELFTGVVPILVELDGDVNGHKFSVSGEGEGDATHGKLTLKFICTTGKLPVPWPTLITTLSYGVQCFSRYPDHMKQHDFFKSAMPEGYVQERTIFFKDDGNYKTRAEVKFEGDTLVNRIELKGIDFKEDGNILGHKLEYNYNSHNVYIMADKQNNGIKVNFKIRHNIEDGSVQLADHYQQNTPIGDGPVLLPDNHYLHHQTALSKDPNEKRDHMVLLEFVTAAGITHGMDELYK,3.953868389129639,44.88533020019531,6
Y39H:V61I:S202H:T203H:S205T:L220V,MSKGEELFTGVVPILVELDGDVNGHKFSVSGEGEGDATHGKLTLKFICTTGKLPVPWPTLITTLSYGVQCFSRYPDHMKQHDFFKSAMPEGYVQERTIFFKDDGNYKTRAEVKFEGDTLVNRIELKGIDFKEDGNILGHKLEYNYNSHNVYIMADKQKNGIKVNFKIRHNIEDGSVQLADHYQQNTPIGDGPVLLPDNHYLHHQTALSKDPNEKRDHMVVLEFVTAAGITHGMDELYK,3.9536507129669194,42.82698440551758,6
G4S:L44M:V61A:Y145F:A154P:T203I,MSKSEELFTGVVPILVELDGDVNGHKFSVSGEGEGDATYGKLTMKFICTTGKLPVPWPTLATTLSYGVQCFSRYPDHMKQHDFFKSAMPEGYVQERTIFFKDDGNYKTRAEVKFEGDTLVNRIELKGIDFKEDGNILGHKLEYNFNSHNVYIMPDKQKNGIKVNFKIRHNIEDGSVQLADHYQQNTPIGDGPVLLPDNHYLSIQSALSKDPNEKRDHMVLLEFVTAAGITHGMDELYK,3.9531531333923335,43.44322967529297,6
Y39H:L44M:Q69M:Y145F:A154P:T203I,MSKGEELFTGVVPILVELDGDVNGHKFSVSGEGEGDATHGKLTMKFICTTGKLPVPWPTLVTTLSYGVMCFSRYPDHMKQHDFFKSAMPEGYVQERTIFFKDDGNYKTRAEVKFEGDTLVNRIELKGIDFKEDGNILGHKLEYNFNSHNVYIMPDKQKNGIKVNFKIRHNIEDGSVQLADHYQQNTPIGDGPVLLPDNHYLSIQSALSKDPNEKRDHMVLLEFVTAAGITHGMDELYK,3.9528346061706543,41.503719329833984,6
S30R:T38N:Y39H:A154P:S202H:V224I,MSKGEELFTGVVPILVELDGDVNGHKFSVRGEGEGDANHGKLTLKFICTTGKLPVPWPTLVTTLSYGVQCFSRYPDHMKQHDFFKSAMPEGYVQERTIFFKDDGNYKTRAEVKFEGDTLVNRIELKGIDFKEDGNILGHKLEYNYNSHNVYIMPDKQKNGIKVNFKIRHNIEDGSVQLADHYQQNTPIGDGPVLLPDNHYLHTQSALSKDPNEKRDHMVLLEFITAAGITHGMDELYK,3.9521226882934566,44.084381103515625,6
Y39H:S202H:T203H:S205T:L220V,MSKGEELFTGVVPILVELDGDVNGHKFSVSGEGEGDATHGKLTLKFICTTGKLPVPWPTLVTTLSYGVQCFSRYPDHMKQHDFFKSAMPEGYVQERTIFFKDDGNYKTRAEVKFEGDTLVNRIELKGIDFKEDGNILGHKLEYNYNSHNVYIMADKQKNGIKVNFKIRHNIEDGSVQLADHYQQNTPIGDGPVLLPDNHYLHHQTALSKDPNEKRDHMVVLEFVTAAGITHGMDELYK,3.951954126358032,43.65726089477539,5
S30R:Y39H:L44I:Y145F:A154P:S202H,MSKGEELFTGVVPILVELDGDVNGHKFSVRGEGEGDATHGKLTIKFICTTGKLPVPWPTLVTTLSYGVQCFSRYPDHMKQHDFFKSAMPEGYVQERTIFFKDDGNYKTRAEVKFEGDTLVNRIELKGIDFKEDGNILGHKLEYNFNSHNVYIMPDKQKNGIKVNFKIRHNIEDGSVQLADHYQQNTPIGDGPVLLPDNHYLHTQSALSKDPNEKRDHMVLLEFVTAAGITHGMDELYK,3.9510772228240967,43.819637298583984,6
S30R:Y39H:Q69M:N105C:Y145F:A154P,MSKGEELFTGVVPILVELDGDVNGHKFSVRGEGEGDATHGKLTLKFICTTGKLPVPWPTLVTTLSYGVMCFSRYPDHMKQHDFFKSAMPEGYVQERTIFFKDDGCYKTRAEVKFEGDTLVNRIELKGIDFKEDGNILGHKLEYNFNSHNVYIMPDKQKNGIKVNFKIRHNIEDGSVQLADHYQQNTPIGDGPVLLPDNHYLSTQSALSKDPNEKRDHMVLLEFVTAAGITHGMDELYK,3.9501800537109375,44.87320709228516,6
Y39H:V61L:S202H:T203H:A206K:T225E,MSKGEELFTGVVPILVELDGDVNGHKFSVSGEGEGDATHGKLTLKFICTTGKLPVPWPTLLTTLSYGVQCFSRYPDHMKQHDFFKSAMPEGYVQERTIFFKDDGNYKTRAEVKFEGDTLVNRIELKGIDFKEDGNILGHKLEYNYNSHNVYIMADKQKNGIKVNFKIRHNIEDGSVQLADHYQQNTPIGDGPVLLPDNHYLHHQSKLSKDPNEKRDHMVLLEFVEAAGITHGMDELYK,3.948012828826904,43.42935180664063,6
Y39H:V61I:S202H:A206K:V224I:T225E,MSKGEELFTGVVPILVELDGDVNGHKFSVSGEGEGDATHGKLTLKFICTTGKLPVPWPTLITTLSYGVQCFSRYPDHMKQHDFFKSAMPEGYVQERTIFFKDDGNYKTRAEVKFEGDTLVNRIELKGIDFKEDGNILGHKLEYNYNSHNVYIMADKQKNGIKVNFKIRHNIEDGSVQLADHYQQNTPIGDGPVLLPDNHYLHTQSKLSKDPNEKRDHMVLLEFIEAAGITHGMDELYK,3.9476685523986816,42.087440490722656,6
S30R:Y39H:Y145F:A154P:K158R:N198Y,MSKGEELFTGVVPILVELDGDVNGHKFSVRGEGEGDATHGKLTLKFICTTGKLPVPWPTLVTTLSYGVQCFSRYPDHMKQHDFFKSAMPEGYVQERTIFFKDDGNYKTRAEVKFEGDTLVNRIELKGIDFKEDGNILGHKLEYNFNSHNVYIMPDKQRNGIKVNFKIRHNIEDGSVQLADHYQQNTPIGDGPVLLPDYHYLSTQSALSKDPNEKRDHMVLLEFVTAAGITHGMDELYK,3.9464635848999023,44.63955307006836,6
S30R:Y39H:L44I:Q69A:Y145F:A154P,MSKGEELFTGVVPILVELDGDVNGHKFSVRGEGEGDATHGKLTIKFICTTGKLPVPWPTLVTTLSYGVACFSRYPDHMKQHDFFKSAMPEGYVQERTIFFKDDGNYKTRAEVKFEGDTLVNRIELKGIDFKEDGNILGHKLEYNFNSHNVYIMPDKQKNGIKVNFKIRHNIEDGSVQLADHYQQNTPIGDGPVLLPDNHYLSTQSALSKDPNEKRDHMVLLEFVTAAGITHGMDELYK,3.9461865425109854,43.519527435302734,6
T38N:L44M:Y145F:A154P:T203I,MSKGEELFTGVVPILVELDGDVNGHKFSVSGEGEGDANYGKLTMKFICTTGKLPVPWPTLVTTLSYGVQCFSRYPDHMKQHDFFKSAMPEGYVQERTIFFKDDGNYKTRAEVKFEGDTLVNRIELKGIDFKEDGNILGHKLEYNFNSHNVYIMPDKQKNGIKVNFKIRHNIEDGSVQLADHYQQNTPIGDGPVLLPDNHYLSIQSALSKDPNEKRDHMVLLEFVTAAGITHGMDELYK,3.945609569549561,43.13875579833984,5
S30R:T38N:Y39H:V61I:Y145F:A154P,MSKGEELFTGVVPILVELDGDVNGHKFSVRGEGEGDANHGKLTLKFICTTGKLPVPWPTLITTLSYGVQCFSRYPDHMKQHDFFKSAMPEGYVQERTIFFKDDGNYKTRAEVKFEGDTLVNRIELKGIDFKEDGNILGHKLEYNFNSHNVYIMPDKQKNGIKVNFKIRHNIEDGSVQLADHYQQNTPIGDGPVLLPDNHYLSTQSALSKDPNEKRDHMVLLEFVTAAGITHGMDELYK,3.9455628395080566,42.457305908203125,6
S30R:Y39H:V68I:Q69M:A206K:T225E,MSKGEELFTGVVPILVELDGDVNGHKFSVRGEGEGDATHGKLTLKFICTTGKLPVPWPTLVTTLSYGIMCFSRYPDHMKQHDFFKSAMPEGYVQERTIFFKDDGNYKTRAEVKFEGDTLVNRIELKGIDFKEDGNILGHKLEYNYNSHNVYIMADKQKNGIKVNFKIRHNIEDGSVQLADHYQQNTPIGDGPVLLPDNHYLSTQSKLSKDPNEKRDHMVLLEFVEAAGITHGMDELYK,3.9453563690185542,43.82133102416992,6
S30R:T38N:Y39H:Q69M:Y145F:A154P,MSKGEELFTGVVPILVELDGDVNGHKFSVRGEGEGDANHGKLTLKFICTTGKLPVPWPTLVTTLSYGVMCFSRYPDHMKQHDFFKSAMPEGYVQERTIFFKDDGNYKTRAEVKFEGDTLVNRIELKGIDFKEDGNILGHKLEYNFNSHNVYIMPDKQKNGIKVNFKIRHNIEDGSVQLADHYQQNTPIGDGPVLLPDNHYLSTQSALSKDPNEKRDHMVLLEFVTAAGITHGMDELYK,3.945126533508301,43.85099792480469,6
S30R:Y39H:K158R:S202H:A206E:V224I,MSKGEELFTGVVPILVELDGDVNGHKFSVRGEGEGDATHGKLTLKFICTTGKLPVPWPTLVTTLSYGVQCFSRYPDHMKQHDFFKSAMPEGYVQERTIFFKDDGNYKTRAEVKFEGDTLVNRIELKGIDFKEDGNILGHKLEYNYNSHNVYIMADKQRNGIKVNFKIRHNIEDGSVQLADHYQQNTPIGDGPVLLPDNHYLHTQSELSKDPNEKRDHMVLLEFITAAGITHGMDELYK,3.944394111633301,43.42483901977539,6
S30R:Q69M:Y145F:A154P:S202H:L220I,MSKGEELFTGVVPILVELDGDVNGHKFSVRGEGEGDATYGKLTLKFICTTGKLPVPWPTLVTTLSYGVMCFSRYPDHMKQHDFFKSAMPEGYVQERTIFFKDDGNYKTRAEVKFEGDTLVNRIELKGIDFKEDGNILGHKLEYNFNSHNVYIMPDKQKNGIKVNFKIRHNIEDGSVQLADHYQQNTPIGDGPVLLPDNHYLHTQSALSKDPNEKRDHMVILEFVTAAGITHGMDELYK,3.944377183914185,43.2587890625,6
Y39H:S205T:A206K:V224I:T225E,MSKGEELFTGVVPILVELDGDVNGHKFSVSGEGEGDATHGKLTLKFICTTGKLPVPWPTLVTTLSYGVQCFSRYPDHMKQHDFFKSAMPEGYVQERTIFFKDDGNYKTRAEVKFEGDTLVNRIELKGIDFKEDGNILGHKLEYNYNSHNVYIMADKQKNGIKVNFKIRHNIEDGSVQLADHYQQNTPIGDGPVLLPDNHYLSTQTKLSKDPNEKRDHMVLLEFIEAAGITHGMDELYK,3.943491935729981,43.76478576660156,5
S30R:V61I:Y145F:A154P:S202H:L220I,MSKGEELFTGVVPILVELDGDVNGHKFSVRGEGEGDATYGKLTLKFICTTGKLPVPWPTLITTLSYGVQCFSRYPDHMKQHDFFKSAMPEGYVQERTIFFKDDGNYKTRAEVKFEGDTLVNRIELKGIDFKEDGNILGHKLEYNFNSHNVYIMPDKQKNGIKVNFKIRHNIEDGSVQLADHYQQNTPIGDGPVLLPDNHYLHTQSALSKDPNEKRDHMVILEFVTAAGITHGMDELYK,3.9423539638519287,44.01569366455078,6
S30R:Y39H:L44I:V61I:Y145F:A154P,MSKGEELFTGVVPILVELDGDVNGHKFSVRGEGEGDATHGKLTIKFICTTGKLPVPWPTLITTLSYGVQCFSRYPDHMKQHDFFKSAMPEGYVQERTIFFKDDGNYKTRAEVKFEGDTLVNRIELKGIDFKEDGNILGHKLEYNFNSHNVYIMPDKQKNGIKVNFKIRHNIEDGSVQLADHYQQNTPIGDGPVLLPDNHYLSTQSALSKDPNEKRDHMVLLEFVTAAGITHGMDELYK,3.9418692588806152,46.0150260925293,6
S30R:Y39H:L44I:A154P:K158R:A206K,MSKGEELFTGVVPILVELDGDVNGHKFSVRGEGEGDATHGKLTIKFICTTGKLPVPWPTLVTTLSYGVQCFSRYPDHMKQHDFFKSAMPEGYVQERTIFFKDDGNYKTRAEVKFEGDTLVNRIELKGIDFKEDGNILGHKLEYNYNSHNVYIMPDKQRNGIKVNFKIRHNIEDGSVQLADHYQQNTPIGDGPVLLPDNHYLSTQSKLSKDPNEKRDHMVLLEFVTAAGITHGMDELYK,3.941571474075317,43.490280151367195,6
Y39H:L44I:V61L:S202H:A206K:T225E,MSKGEELFTGVVPILVELDGDVNGHKFSVSGEGEGDATHGKLTIKFICTTGKLPVPWPTLLTTLSYGVQCFSRYPDHMKQHDFFKSAMPEGYVQERTIFFKDDGNYKTRAEVKFEGDTLVNRIELKGIDFKEDGNILGHKLEYNYNSHNVYIMADKQKNGIKVNFKIRHNIEDGSVQLADHYQQNTPIGDGPVLLPDNHYLHTQSKLSKDPNEKRDHMVLLEFVEAAGITHGMDELYK,3.9412031173706046,44.13899993896484,6
Y39H:L44I:S202H:T203H:A206E:T225E,MSKGEELFTGVVPILVELDGDVNGHKFSVSGEGEGDATHGKLTIKFICTTGKLPVPWPTLVTTLSYGVQCFSRYPDHMKQHDFFKSAMPEGYVQERTIFFKDDGNYKTRAEVKFEGDTLVNRIELKGIDFKEDGNILGHKLEYNYNSHNVYIMADKQKNGIKVNFKIRHNIEDGSVQLADHYQQNTPIGDGPVLLPDNHYLHHQSELSKDPNEKRDHMVLLEFVEAAGITHGMDELYK,3.9411096572875977,43.967823028564446,6
Y39H:V61I:T203H:S205T:A206K:T225E,MSKGEELFTGVVPILVELDGDVNGHKFSVSGEGEGDATHGKLTLKFICTTGKLPVPWPTLITTLSYGVQCFSRYPDHMKQHDFFKSAMPEGYVQERTIFFKDDGNYKTRAEVKFEGDTLVNRIELKGIDFKEDGNILGHKLEYNYNSHNVYIMADKQKNGIKVNFKIRHNIEDGSVQLADHYQQNTPIGDGPVLLPDNHYLSHQTKLSKDPNEKRDHMVLLEFVEAAGITHGMDELYK,3.9407083988189697,42.52868652343751,6
Y39H:L44M:K158N:S202H:T203H:A206E,MSKGEELFTGVVPILVELDGDVNGHKFSVSGEGEGDATHGKLTMKFICTTGKLPVPWPTLVTTLSYGVQCFSRYPDHMKQHDFFKSAMPEGYVQERTIFFKDDGNYKTRAEVKFEGDTLVNRIELKGIDFKEDGNILGHKLEYNYNSHNVYIMADKQNNGIKVNFKIRHNIEDGSVQLADHYQQNTPIGDGPVLLPDNHYLHHQSELSKDPNEKRDHMVLLEFVTAAGITHGMDELYK,3.9397139549255367,43.858436584472656,6
Y39H:L44M:K158N:T203H:A206K:T225E,MSKGEELFTGVVPILVELDGDVNGHKFSVSGEGEGDATHGKLTMKFICTTGKLPVPWPTLVTTLSYGVQCFSRYPDHMKQHDFFKSAMPEGYVQERTIFFKDDGNYKTRAEVKFEGDTLVNRIELKGIDFKEDGNILGHKLEYNYNSHNVYIMADKQNNGIKVNFKIRHNIEDGSVQLADHYQQNTPIGDGPVLLPDNHYLSHQSKLSKDPNEKRDHMVLLEFVEAAGITHGMDELYK,3.9396266937255855,43.137020111083984,6
S30R:T38N:Y39H:V68I:Y145F:A154P,MSKGEELFTGVVPILVELDGDVNGHKFSVRGEGEGDANHGKLTLKFICTTGKLPVPWPTLVTTLSYGIQCFSRYPDHMKQHDFFKSAMPEGYVQERTIFFKDDGNYKTRAEVKFEGDTLVNRIELKGIDFKEDGNILGHKLEYNFNSHNVYIMPDKQKNGIKVNFKIRHNIEDGSVQLADHYQQNTPIGDGPVLLPDNHYLSTQSALSKDPNEKRDHMVLLEFVTAAGITHGMDELYK,3.9395134449005127,42.436573028564446,6
S30R:Y39H:Q69M:Y145F:A154P:K158N,MSKGEELFTGVVPILVELDGDVNGHKFSVRGEGEGDATHGKLTLKFICTTGKLPVPWPTLVTTLSYGVMCFSRYPDHMKQHDFFKSAMPEGYVQERTIFFKDDGNYKTRAEVKFEGDTLVNRIELKGIDFKEDGNILGHKLEYNFNSHNVYIMPDKQNNGIKVNFKIRHNIEDGSVQLADHYQQNTPIGDGPVLLPDNHYLSTQSALSKDPNEKRDHMVLLEFVTAAGITHGMDELYK,3.939332962036133,43.10268020629882,6
S30R:Y39H:Q69M:Y145I:A154P:K158R,MSKGEELFTGVVPILVELDGDVNGHKFSVRGEGEGDATHGKLTLKFICTTGKLPVPWPTLVTTLSYGVMCFSRYPDHMKQHDFFKSAMPEGYVQERTIFFKDDGNYKTRAEVKFEGDTLVNRIELKGIDFKEDGNILGHKLEYNINSHNVYIMPDKQRNGIKVNFKIRHNIEDGSVQLADHYQQNTPIGDGPVLLPDNHYLSTQSALSKDPNEKRDHMVLLEFVTAAGITHGMDELYK,3.9386577606201167,43.66184997558594,6
T38N:Y39H:S202H:T203H:A206K:T225E,MSKGEELFTGVVPILVELDGDVNGHKFSVSGEGEGDANHGKLTLKFICTTGKLPVPWPTLVTTLSYGVQCFSRYPDHMKQHDFFKSAMPEGYVQERTIFFKDDGNYKTRAEVKFEGDTLVNRIELKGIDFKEDGNILGHKLEYNYNSHNVYIMADKQKNGIKVNFKIRHNIEDGSVQLADHYQQNTPIGDGPVLLPDNHYLHHQSKLSKDPNEKRDHMVLLEFVEAAGITHGMDELYK,3.9383611679077144,44.216064453125,6
S30R:Y39H:L44I:S147P:K158R:A206E,MSKGEELFTGVVPILVELDGDVNGHKFSVRGEGEGDATHGKLTIKFICTTGKLPVPWPTLVTTLSYGVQCFSRYPDHMKQHDFFKSAMPEGYVQERTIFFKDDGNYKTRAEVKFEGDTLVNRIELKGIDFKEDGNILGHKLEYNYNPHNVYIMADKQRNGIKVNFKIRHNIEDGSVQLADHYQQNTPIGDGPVLLPDNHYLSTQSELSKDPNEKRDHMVLLEFVTAAGITHGMDELYK,3.938054800033569,43.85099792480469,6
S30R:Y39H:Y145F:A154P:N198Y:S202H,MSKGEELFTGVVPILVELDGDVNGHKFSVRGEGEGDATHGKLTLKFICTTGKLPVPWPTLVTTLSYGVQCFSRYPDHMKQHDFFKSAMPEGYVQERTIFFKDDGNYKTRAEVKFEGDTLVNRIELKGIDFKEDGNILGHKLEYNFNSHNVYIMPDKQKNGIKVNFKIRHNIEDGSVQLADHYQQNTPIGDGPVLLPDYHYLHTQSALSKDPNEKRDHMVLLEFVTAAGITHGMDELYK,3.937458753585816,44.01569366455078,6
S30R:Y145F:A154P:S202H:T203Y:L220V,MSKGEELFTGVVPILVELDGDVNGHKFSVRGEGEGDATYGKLTLKFICTTGKLPVPWPTLVTTLSYGVQCFSRYPDHMKQHDFFKSAMPEGYVQERTIFFKDDGNYKTRAEVKFEGDTLVNRIELKGIDFKEDGNILGHKLEYNFNSHNVYIMPDKQKNGIKVNFKIRHNIEDGSVQLADHYQQNTPIGDGPVLLPDNHYLHYQSALSKDPNEKRDHMVVLEFVTAAGITHGMDELYK,3.9374558925628658,43.5127067565918,6
S30R:Y39H:L44I:A154P:K158R:S202H,MSKGEELFTGVVPILVELDGDVNGHKFSVRGEGEGDATHGKLTIKFICTTGKLPVPWPTLVTTLSYGVQCFSRYPDHMKQHDFFKSAMPEGYVQERTIFFKDDGNYKTRAEVKFEGDTLVNRIELKGIDFKEDGNILGHKLEYNYNSHNVYIMPDKQRNGIKVNFKIRHNIEDGSVQLADHYQQNTPIGDGPVLLPDNHYLHTQSALSKDPNEKRDHMVLLEFVTAAGITHGMDELYK,3.9373211860656734,43.29220581054688,6
S30R:Y39H:L44I:A154P:N198Y:S202H,MSKGEELFTGVVPILVELDGDVNGHKFSVRGEGEGDATHGKLTIKFICTTGKLPVPWPTLVTTLSYGVQCFSRYPDHMKQHDFFKSAMPEGYVQERTIFFKDDGNYKTRAEVKFEGDTLVNRIELKGIDFKEDGNILGHKLEYNYNSHNVYIMPDKQKNGIKVNFKIRHNIEDGSVQLADHYQQNTPIGDGPVLLPDYHYLHTQSALSKDPNEKRDHMVLLEFVTAAGITHGMDELYK,3.937227249145508,43.387245178222656,6
Y39H:V68I:Q69M:K158R:A206K:T225E,MSKGEELFTGVVPILVELDGDVNGHKFSVSGEGEGDATHGKLTLKFICTTGKLPVPWPTLVTTLSYGIMCFSRYPDHMKQHDFFKSAMPEGYVQERTIFFKDDGNYKTRAEVKFEGDTLVNRIELKGIDFKEDGNILGHKLEYNYNSHNVYIMADKQRNGIKVNFKIRHNIEDGSVQLADHYQQNTPIGDGPVLLPDNHYLSTQSKLSKDPNEKRDHMVLLEFVEAAGITHGMDELYK,3.937023401260376,42.86027526855469,6
S30R:Y39H:Q69M:Y145I:A154P:V224I,MSKGEELFTGVVPILVELDGDVNGHKFSVRGEGEGDATHGKLTLKFICTTGKLPVPWPTLVTTLSYGVMCFSRYPDHMKQHDFFKSAMPEGYVQERTIFFKDDGNYKTRAEVKFEGDTLVNRIELKGIDFKEDGNILGHKLEYNINSHNVYIMPDKQKNGIKVNFKIRHNIEDGSVQLADHYQQNTPIGDGPVLLPDNHYLSTQSALSKDPNEKRDHMVLLEFITAAGITHGMDELYK,3.9367194175720206,42.87269973754882,6
S30R:Y39H:L44I:Q69M:A154P,MSKGEELFTGVVPILVELDGDVNGHKFSVRGEGEGDATHGKLTIKFICTTGKLPVPWPTLVTTLSYGVMCFSRYPDHMKQHDFFKSAMPEGYVQERTIFFKDDGNYKTRAEVKFEGDTLVNRIELKGIDFKEDGNILGHKLEYNYNSHNVYIMPDKQKNGIKVNFKIRHNIEDGSVQLADHYQQNTPIGDGPVLLPDNHYLSTQSALSKDPNEKRDHMVLLEFVTAAGITHGMDELYK,3.936590433120728,43.907264709472656,5
T38N:Q69M:N105C:A154P:T203Y:T225E,MSKGEELFTGVVPILVELDGDVNGHKFSVSGEGEGDANYGKLTLKFICTTGKLPVPWPTLVTTLSYGVMCFSRYPDHMKQHDFFKSAMPEGYVQERTIFFKDDGCYKTRAEVKFEGDTLVNRIELKGIDFKEDGNILGHKLEYNYNSHNVYIMPDKQKNGIKVNFKIRHNIEDGSVQLADHYQQNTPIGDGPVLLPDNHYLSYQSALSKDPNEKRDHMVLLEFVEAAGITHGMDELYK,3.9363274574279785,45.45734786987305,6
S30R:T38N:N105C:A154P:T203Y:T225E,MSKGEELFTGVVPILVELDGDVNGHKFSVRGEGEGDANYGKLTLKFICTTGKLPVPWPTLVTTLSYGVQCFSRYPDHMKQHDFFKSAMPEGYVQERTIFFKDDGCYKTRAEVKFEGDTLVNRIELKGIDFKEDGNILGHKLEYNYNSHNVYIMPDKQKNGIKVNFKIRHNIEDGSVQLADHYQQNTPIGDGPVLLPDNHYLSYQSALSKDPNEKRDHMVLLEFVEAAGITHGMDELYK,3.9359433650970455,44.15911483764648,6
Y39H:L44M:A154P:T203H:V224I:T225E,MSKGEELFTGVVPILVELDGDVNGHKFSVSGEGEGDATHGKLTMKFICTTGKLPVPWPTLVTTLSYGVQCFSRYPDHMKQHDFFKSAMPEGYVQERTIFFKDDGNYKTRAEVKFEGDTLVNRIELKGIDFKEDGNILGHKLEYNYNSHNVYIMPDKQKNGIKVNFKIRHNIEDGSVQLADHYQQNTPIGDGPVLLPDNHYLSHQSALSKDPNEKRDHMVLLEFIEAAGITHGMDELYK,3.9358747005462646,44.01272201538086,6
S30R:Y39H:L44I:V68I:Q69M:A154P,MSKGEELFTGVVPILVELDGDVNGHKFSVRGEGEGDATHGKLTIKFICTTGKLPVPWPTLVTTLSYGIMCFSRYPDHMKQHDFFKSAMPEGYVQERTIFFKDDGNYKTRAEVKFEGDTLVNRIELKGIDFKEDGNILGHKLEYNYNSHNVYIMPDKQKNGIKVNFKIRHNIEDGSVQLADHYQQNTPIGDGPVLLPDNHYLSTQSALSKDPNEKRDHMVLLEFVTAAGITHGMDELYK,3.935777425765991,43.18275451660156,6
T38N:L44M:V61A:Q69L:A154P:T203I,MSKGEELFTGVVPILVELDGDVNGHKFSVSGEGEGDANYGKLTMKFICTTGKLPVPWPTLATTLSYGVLCFSRYPDHMKQHDFFKSAMPEGYVQERTIFFKDDGNYKTRAEVKFEGDTLVNRIELKGIDFKEDGNILGHKLEYNYNSHNVYIMPDKQKNGIKVNFKIRHNIEDGSVQLADHYQQNTPIGDGPVLLPDNHYLSIQSALSKDPNEKRDHMVLLEFVTAAGITHGMDELYK,3.935486316680908,44.92488098144531,6
S30R:T38N:Y39H:L44I:A154P:S202H,MSKGEELFTGVVPILVELDGDVNGHKFSVRGEGEGDANHGKLTIKFICTTGKLPVPWPTLVTTLSYGVQCFSRYPDHMKQHDFFKSAMPEGYVQERTIFFKDDGNYKTRAEVKFEGDTLVNRIELKGIDFKEDGNILGHKLEYNYNSHNVYIMPDKQKNGIKVNFKIRHNIEDGSVQLADHYQQNTPIGDGPVLLPDNHYLHTQSALSKDPNEKRDHMVLLEFVTAAGITHGMDELYK,3.93529748916626,43.37130737304688,6
S30R:Y39H:A154P:N198Y:S202H:V224I,MSKGEELFTGVVPILVELDGDVNGHKFSVRGEGEGDATHGKLTLKFICTTGKLPVPWPTLVTTLSYGVQCFSRYPDHMKQHDFFKSAMPEGYVQERTIFFKDDGNYKTRAEVKFEGDTLVNRIELKGIDFKEDGNILGHKLEYNYNSHNVYIMPDKQKNGIKVNFKIRHNIEDGSVQLADHYQQNTPIGDGPVLLPDYHYLHTQSALSKDPNEKRDHMVLLEFITAAGITHGMDELYK,3.9350986480712886,43.393600463867195,6
S30R:T38N:Y39H:L44I:Y145F:A154P,MSKGEELFTGVVPILVELDGDVNGHKFSVRGEGEGDANHGKLTIKFICTTGKLPVPWPTLVTTLSYGVQCFSRYPDHMKQHDFFKSAMPEGYVQERTIFFKDDGNYKTRAEVKFEGDTLVNRIELKGIDFKEDGNILGHKLEYNFNSHNVYIMPDKQKNGIKVNFKIRHNIEDGSVQLADHYQQNTPIGDGPVLLPDNHYLSTQSALSKDPNEKRDHMVLLEFVTAAGITHGMDELYK,3.934923648834229,43.196590423583984,6
S30R:Y39H:Q69M:Y145I:A154P,MSKGEELFTGVVPILVELDGDVNGHKFSVRGEGEGDATHGKLTLKFICTTGKLPVPWPTLVTTLSYGVMCFSRYPDHMKQHDFFKSAMPEGYVQERTIFFKDDGNYKTRAEVKFEGDTLVNRIELKGIDFKEDGNILGHKLEYNINSHNVYIMPDKQKNGIKVNFKIRHNIEDGSVQLADHYQQNTPIGDGPVLLPDNHYLSTQSALSKDPNEKRDHMVLLEFVTAAGITHGMDELYK,3.9347534179687504,42.69050979614258,5
T38N:V61A:Q69M:A154P:T203I:V224I,MSKGEELFTGVVPILVELDGDVNGHKFSVSGEGEGDANYGKLTLKFICTTGKLPVPWPTLATTLSYGVMCFSRYPDHMKQHDFFKSAMPEGYVQERTIFFKDDGNYKTRAEVKFEGDTLVNRIELKGIDFKEDGNILGHKLEYNYNSHNVYIMPDKQKNGIKVNFKIRHNIEDGSVQLADHYQQNTPIGDGPVLLPDNHYLSIQSALSKDPNEKRDHMVLLEFITAAGITHGMDELYK,3.93464469909668,43.766414642333984,6
S30R:Y39H:Q69M:Y145I:V150I:A154P,MSKGEELFTGVVPILVELDGDVNGHKFSVRGEGEGDATHGKLTLKFICTTGKLPVPWPTLVTTLSYGVMCFSRYPDHMKQHDFFKSAMPEGYVQERTIFFKDDGNYKTRAEVKFEGDTLVNRIELKGIDFKEDGNILGHKLEYNINSHNIYIMPDKQKNGIKVNFKIRHNIEDGSVQLADHYQQNTPIGDGPVLLPDNHYLSTQSALSKDPNEKRDHMVLLEFVTAAGITHGMDELYK,3.9345207214355464,44.15814971923828,6
G4S:N105C:A154P:T203W:V224I:T225E,MSKSEELFTGVVPILVELDGDVNGHKFSVSGEGEGDATYGKLTLKFICTTGKLPVPWPTLVTTLSYGVQCFSRYPDHMKQHDFFKSAMPEGYVQERTIFFKDDGCYKTRAEVKFEGDTLVNRIELKGIDFKEDGNILGHKLEYNYNSHNVYIMPDKQKNGIKVNFKIRHNIEDGSVQLADHYQQNTPIGDGPVLLPDNHYLSWQSALSKDPNEKRDHMVLLEFIEAAGITHGMDELYK,3.9343981742858887,43.1525764465332,6
T38N:V61A:Q69L:Y145F:A154P:T203I,MSKGEELFTGVVPILVELDGDVNGHKFSVSGEGEGDANYGKLTLKFICTTGKLPVPWPTLATTLSYGVLCFSRYPDHMKQHDFFKSAMPEGYVQERTIFFKDDGNYKTRAEVKFEGDTLVNRIELKGIDFKEDGNILGHKLEYNFNSHNVYIMPDKQKNGIKVNFKIRHNIEDGSVQLADHYQQNTPIGDGPVLLPDNHYLSIQSALSKDPNEKRDHMVLLEFVTAAGITHGMDELYK,3.9343206882476807,43.584976196289055,6
S30R:Y39H:Q69M:V150I:A154P:K158R,MSKGEELFTGVVPILVELDGDVNGHKFSVRGEGEGDATHGKLTLKFICTTGKLPVPWPTLVTTLSYGVMCFSRYPDHMKQHDFFKSAMPEGYVQERTIFFKDDGNYKTRAEVKFEGDTLVNRIELKGIDFKEDGNILGHKLEYNYNSHNIYIMPDKQRNGIKVNFKIRHNIEDGSVQLADHYQQNTPIGDGPVLLPDNHYLSTQSALSKDPNEKRDHMVLLEFVTAAGITHGMDELYK,3.934303760528565,43.59798431396484,6
Y39H:V61L:S202H:T203H:A206E:T225E,MSKGEELFTGVVPILVELDGDVNGHKFSVSGEGEGDATHGKLTLKFICTTGKLPVPWPTLLTTLSYGVQCFSRYPDHMKQHDFFKSAMPEGYVQERTIFFKDDGNYKTRAEVKFEGDTLVNRIELKGIDFKEDGNILGHKLEYNYNSHNVYIMADKQKNGIKVNFKIRHNIEDGSVQLADHYQQNTPIGDGPVLLPDNHYLHHQSELSKDPNEKRDHMVLLEFVEAAGITHGMDELYK,3.934169292449951,42.572731018066406,6
T38N:Y39H:S202H:T203H:S205T:L220V,MSKGEELFTGVVPILVELDGDVNGHKFSVSGEGEGDANHGKLTLKFICTTGKLPVPWPTLVTTLSYGVQCFSRYPDHMKQHDFFKSAMPEGYVQERTIFFKDDGNYKTRAEVKFEGDTLVNRIELKGIDFKEDGNILGHKLEYNYNSHNVYIMADKQKNGIKVNFKIRHNIEDGSVQLADHYQQNTPIGDGPVLLPDNHYLHHQTALSKDPNEKRDHMVVLEFVTAAGITHGMDELYK,3.9337174892425537,43.62908935546875,6
S30R:T38N:Y39H:Q69M:Y145I:A154P,MSKGEELFTGVVPILVELDGDVNGHKFSVRGEGEGDANHGKLTLKFICTTGKLPVPWPTLVTTLSYGVMCFSRYPDHMKQHDFFKSAMPEGYVQERTIFFKDDGNYKTRAEVKFEGDTLVNRIELKGIDFKEDGNILGHKLEYNINSHNVYIMPDKQKNGIKVNFKIRHNIEDGSVQLADHYQQNTPIGDGPVLLPDNHYLSTQSALSKDPNEKRDHMVLLEFVTAAGITHGMDELYK,3.933695793151856,44.58837127685546,6
T38N:Y39H:S205T:A206K:V224I:T225E,MSKGEELFTGVVPILVELDGDVNGHKFSVSGEGEGDANHGKLTLKFICTTGKLPVPWPTLVTTLSYGVQCFSRYPDHMKQHDFFKSAMPEGYVQERTIFFKDDGNYKTRAEVKFEGDTLVNRIELKGIDFKEDGNILGHKLEYNYNSHNVYIMADKQKNGIKVNFKIRHNIEDGSVQLADHYQQNTPIGDGPVLLPDNHYLSTQTKLSKDPNEKRDHMVLLEFIEAAGITHGMDELYK,3.933654308319092,43.81816101074219,6
S30R:Y39H:Y145I:A154P:N198Y:S202H,MSKGEELFTGVVPILVELDGDVNGHKFSVRGEGEGDATHGKLTLKFICTTGKLPVPWPTLVTTLSYGVQCFSRYPDHMKQHDFFKSAMPEGYVQERTIFFKDDGNYKTRAEVKFEGDTLVNRIELKGIDFKEDGNILGHKLEYNINSHNVYIMPDKQKNGIKVNFKIRHNIEDGSVQLADHYQQNTPIGDGPVLLPDYHYLHTQSALSKDPNEKRDHMVLLEFVTAAGITHGMDELYK,3.9334425926208496,43.819637298583984,6
S30R:Y39H:L44I:Q69M:Y145I:A154P,MSKGEELFTGVVPILVELDGDVNGHKFSVRGEGEGDATHGKLTIKFICTTGKLPVPWPTLVTTLSYGVMCFSRYPDHMKQHDFFKSAMPEGYVQERTIFFKDDGNYKTRAEVKFEGDTLVNRIELKGIDFKEDGNILGHKLEYNINSHNVYIMPDKQKNGIKVNFKIRHNIEDGSVQLADHYQQNTPIGDGPVLLPDNHYLSTQSALSKDPNEKRDHMVLLEFVTAAGITHGMDELYK,3.9333629608154297,43.721378326416016,6
S30R:T38N:Y39H:Y145F:A154P:S202H,MSKGEELFTGVVPILVELDGDVNGHKFSVRGEGEGDANHGKLTLKFICTTGKLPVPWPTLVTTLSYGVQCFSRYPDHMKQHDFFKSAMPEGYVQERTIFFKDDGNYKTRAEVKFEGDTLVNRIELKGIDFKEDGNILGHKLEYNFNSHNVYIMPDKQKNGIKVNFKIRHNIEDGSVQLADHYQQNTPIGDGPVLLPDNHYLHTQSALSKDPNEKRDHMVLLEFVTAAGITHGMDELYK,3.9333257675170894,43.105335235595696,6
S30R:T38N:Y39H:V112I:Y145F:A154P,MSKGEELFTGVVPILVELDGDVNGHKFSVRGEGEGDANHGKLTLKFICTTGKLPVPWPTLVTTLSYGVQCFSRYPDHMKQHDFFKSAMPEGYVQERTIFFKDDGNYKTRAEIKFEGDTLVNRIELKGIDFKEDGNILGHKLEYNFNSHNVYIMPDKQKNGIKVNFKIRHNIEDGSVQLADHYQQNTPIGDGPVLLPDNHYLSTQSALSKDPNEKRDHMVLLEFVTAAGITHGMDELYK,3.933289051055908,43.51554107666016,6
S30R:Y39H:V68I:Q69M:Y145I:A154P,MSKGEELFTGVVPILVELDGDVNGHKFSVRGEGEGDATHGKLTLKFICTTGKLPVPWPTLVTTLSYGIMCFSRYPDHMKQHDFFKSAMPEGYVQERTIFFKDDGNYKTRAEVKFEGDTLVNRIELKGIDFKEDGNILGHKLEYNINSHNVYIMPDKQKNGIKVNFKIRHNIEDGSVQLADHYQQNTPIGDGPVLLPDNHYLSTQSALSKDPNEKRDHMVLLEFVTAAGITHGMDELYK,3.933172225952149,43.577007293701165,6
S30R:Y39H:Y145F:A154P:S202H:V224I,MSKGEELFTGVVPILVELDGDVNGHKFSVRGEGEGDATHGKLTLKFICTTGKLPVPWPTLVTTLSYGVQCFSRYPDHMKQHDFFKSAMPEGYVQERTIFFKDDGNYKTRAEVKFEGDTLVNRIELKGIDFKEDGNILGHKLEYNFNSHNVYIMPDKQKNGIKVNFKIRHNIEDGSVQLADHYQQNTPIGDGPVLLPDNHYLHTQSALSKDPNEKRDHMVLLEFITAAGITHGMDELYK,3.933035373687744,43.4332389831543,6
S30R:Y39H:L44I:Q69L:A154P:K158R,MSKGEELFTGVVPILVELDGDVNGHKFSVRGEGEGDATHGKLTIKFICTTGKLPVPWPTLVTTLSYGVLCFSRYPDHMKQHDFFKSAMPEGYVQERTIFFKDDGNYKTRAEVKFEGDTLVNRIELKGIDFKEDGNILGHKLEYNYNSHNVYIMPDKQRNGIKVNFKIRHNIEDGSVQLADHYQQNTPIGDGPVLLPDNHYLSTQSALSKDPNEKRDHMVLLEFVTAAGITHGMDELYK,3.9330012798309326,45.259101867675774,6
Y39H:V61I:S205T:A206K:V224I:T225E,MSKGEELFTGVVPILVELDGDVNGHKFSVSGEGEGDATHGKLTLKFICTTGKLPVPWPTLITTLSYGVQCFSRYPDHMKQHDFFKSAMPEGYVQERTIFFKDDGNYKTRAEVKFEGDTLVNRIELKGIDFKEDGNILGHKLEYNYNSHNVYIMADKQKNGIKVNFKIRHNIEDGSVQLADHYQQNTPIGDGPVLLPDNHYLSTQTKLSKDPNEKRDHMVLLEFIEAAGITHGMDELYK,3.9329910278320312,44.88499450683594,6
S30R:Y39H:Y145F:A154P:V224I,MSKGEELFTGVVPILVELDGDVNGHKFSVRGEGEGDATHGKLTLKFICTTGKLPVPWPTLVTTLSYGVQCFSRYPDHMKQHDFFKSAMPEGYVQERTIFFKDDGNYKTRAEVKFEGDTLVNRIELKGIDFKEDGNILGHKLEYNFNSHNVYIMPDKQKNGIKVNFKIRHNIEDGSVQLADHYQQNTPIGDGPVLLPDNHYLSTQSALSKDPNEKRDHMVLLEFITAAGITHGMDELYK,3.932895660400391,42.5283203125,5
Y39H:L44M:T108V:A154P:S202H:T225E,MSKGEELFTGVVPILVELDGDVNGHKFSVSGEGEGDATHGKLTMKFICTTGKLPVPWPTLVTTLSYGVQCFSRYPDHMKQHDFFKSAMPEGYVQERTIFFKDDGNYKVRAEVKFEGDTLVNRIELKGIDFKEDGNILGHKLEYNYNSHNVYIMPDKQKNGIKVNFKIRHNIEDGSVQLADHYQQNTPIGDGPVLLPDNHYLHTQSALSKDPNEKRDHMVLLEFVEAAGITHGMDELYK,3.932322025299072,42.5558967590332,6
Y39H:V68I:Q69M:S202H:A206E:T225E,MSKGEELFTGVVPILVELDGDVNGHKFSVSGEGEGDATHGKLTLKFICTTGKLPVPWPTLVTTLSYGIMCFSRYPDHMKQHDFFKSAMPEGYVQERTIFFKDDGNYKTRAEVKFEGDTLVNRIELKGIDFKEDGNILGHKLEYNYNSHNVYIMADKQKNGIKVNFKIRHNIEDGSVQLADHYQQNTPIGDGPVLLPDNHYLHTQSELSKDPNEKRDHMVLLEFVEAAGITHGMDELYK,3.932076930999756,43.009071350097656,6
G4S:N105C:A154P:T203Y:V224I:T225E,MSKSEELFTGVVPILVELDGDVNGHKFSVSGEGEGDATYGKLTLKFICTTGKLPVPWPTLVTTLSYGVQCFSRYPDHMKQHDFFKSAMPEGYVQERTIFFKDDGCYKTRAEVKFEGDTLVNRIELKGIDFKEDGNILGHKLEYNYNSHNVYIMPDKQKNGIKVNFKIRHNIEDGSVQLADHYQQNTPIGDGPVLLPDNHYLSYQSALSKDPNEKRDHMVLLEFIEAAGITHGMDELYK,3.9320766925811768,43.291328430175774,6
Y39H:L44M:K158N:S202H:T203H:S205T,MSKGEELFTGVVPILVELDGDVNGHKFSVSGEGEGDATHGKLTMKFICTTGKLPVPWPTLVTTLSYGVQCFSRYPDHMKQHDFFKSAMPEGYVQERTIFFKDDGNYKTRAEVKFEGDTLVNRIELKGIDFKEDGNILGHKLEYNYNSHNVYIMADKQNNGIKVNFKIRHNIEDGSVQLADHYQQNTPIGDGPVLLPDNHYLHHQTALSKDPNEKRDHMVLLEFVTAAGITHGMDELYK,3.9319596290588374,42.97467803955078,6
S30R:Y39H:L44I:Q69M:A154P:T203H,MSKGEELFTGVVPILVELDGDVNGHKFSVRGEGEGDATHGKLTIKFICTTGKLPVPWPTLVTTLSYGVMCFSRYPDHMKQHDFFKSAMPEGYVQERTIFFKDDGNYKTRAEVKFEGDTLVNRIELKGIDFKEDGNILGHKLEYNYNSHNVYIMPDKQKNGIKVNFKIRHNIEDGSVQLADHYQQNTPIGDGPVLLPDNHYLSHQSALSKDPNEKRDHMVLLEFVTAAGITHGMDELYK,3.9318671226501456,42.97669219970703,6
Y39H:V68I:Q69L:S202H:A206E:T225E,MSKGEELFTGVVPILVELDGDVNGHKFSVSGEGEGDATHGKLTLKFICTTGKLPVPWPTLVTTLSYGILCFSRYPDHMKQHDFFKSAMPEGYVQERTIFFKDDGNYKTRAEVKFEGDTLVNRIELKGIDFKEDGNILGHKLEYNYNSHNVYIMADKQKNGIKVNFKIRHNIEDGSVQLADHYQQNTPIGDGPVLLPDNHYLHTQSELSKDPNEKRDHMVLLEFVEAAGITHGMDELYK,3.9318594932556152,41.92814636230469,6
S30R:Y39H:V61I:Q69M:A206K:T225E,MSKGEELFTGVVPILVELDGDVNGHKFSVRGEGEGDATHGKLTLKFICTTGKLPVPWPTLITTLSYGVMCFSRYPDHMKQHDFFKSAMPEGYVQERTIFFKDDGNYKTRAEVKFEGDTLVNRIELKGIDFKEDGNILGHKLEYNYNSHNVYIMADKQKNGIKVNFKIRHNIEDGSVQLADHYQQNTPIGDGPVLLPDNHYLSTQSKLSKDPNEKRDHMVLLEFVEAAGITHGMDELYK,3.931760787963867,43.468055725097656,6
S30R:Y39H:L44I:A154P:S202H:V224I,MSKGEELFTGVVPILVELDGDVNGHKFSVRGEGEGDATHGKLTIKFICTTGKLPVPWPTLVTTLSYGVQCFSRYPDHMKQHDFFKSAMPEGYVQERTIFFKDDGNYKTRAEVKFEGDTLVNRIELKGIDFKEDGNILGHKLEYNYNSHNVYIMPDKQKNGIKVNFKIRHNIEDGSVQLADHYQQNTPIGDGPVLLPDNHYLHTQSALSKDPNEKRDHMVLLEFITAAGITHGMDELYK,3.9317331314086914,42.949951171875,6
S30R:V61I:Q69M:Y145F:A154P:L220V,MSKGEELFTGVVPILVELDGDVNGHKFSVRGEGEGDATYGKLTLKFICTTGKLPVPWPTLITTLSYGVMCFSRYPDHMKQHDFFKSAMPEGYVQERTIFFKDDGNYKTRAEVKFEGDTLVNRIELKGIDFKEDGNILGHKLEYNFNSHNVYIMPDKQKNGIKVNFKIRHNIEDGSVQLADHYQQNTPIGDGPVLLPDNHYLSTQSALSKDPNEKRDHMVVLEFVTAAGITHGMDELYK,3.931627750396729,43.70823669433594,6
S30R:Y39H:L44I:A154P:S202H:T203H,MSKGEELFTGVVPILVELDGDVNGHKFSVRGEGEGDATHGKLTIKFICTTGKLPVPWPTLVTTLSYGVQCFSRYPDHMKQHDFFKSAMPEGYVQERTIFFKDDGNYKTRAEVKFEGDTLVNRIELKGIDFKEDGNILGHKLEYNYNSHNVYIMPDKQKNGIKVNFKIRHNIEDGSVQLADHYQQNTPIGDGPVLLPDNHYLHHQSALSKDPNEKRDHMVLLEFVTAAGITHGMDELYK,3.931541919708252,44.15768051147461,6
S30R:T38N:Y39H:Y145F:A154P:V224I,MSKGEELFTGVVPILVELDGDVNGHKFSVRGEGEGDANHGKLTLKFICTTGKLPVPWPTLVTTLSYGVQCFSRYPDHMKQHDFFKSAMPEGYVQERTIFFKDDGNYKTRAEVKFEGDTLVNRIELKGIDFKEDGNILGHKLEYNFNSHNVYIMPDKQKNGIKVNFKIRHNIEDGSVQLADHYQQNTPIGDGPVLLPDNHYLSTQSALSKDPNEKRDHMVLLEFITAAGITHGMDELYK,3.9314925670623775,44.17657852172852,6
S30R:Y39H:Y145F:A154P:K158R:V224I,MSKGEELFTGVVPILVELDGDVNGHKFSVRGEGEGDATHGKLTLKFICTTGKLPVPWPTLVTTLSYGVQCFSRYPDHMKQHDFFKSAMPEGYVQERTIFFKDDGNYKTRAEVKFEGDTLVNRIELKGIDFKEDGNILGHKLEYNFNSHNVYIMPDKQRNGIKVNFKIRHNIEDGSVQLADHYQQNTPIGDGPVLLPDNHYLSTQSALSKDPNEKRDHMVLLEFITAAGITHGMDELYK,3.931437969207764,44.88539505004882,6
S30R:Y39H:Q69M:V112L:Y145I:A154P,MSKGEELFTGVVPILVELDGDVNGHKFSVRGEGEGDATHGKLTLKFICTTGKLPVPWPTLVTTLSYGVMCFSRYPDHMKQHDFFKSAMPEGYVQERTIFFKDDGNYKTRAELKFEGDTLVNRIELKGIDFKEDGNILGHKLEYNINSHNVYIMPDKQKNGIKVNFKIRHNIEDGSVQLADHYQQNTPIGDGPVLLPDNHYLSTQSALSKDPNEKRDHMVLLEFVTAAGITHGMDELYK,3.931417942047119,43.41569519042969,6
