name,sequence,temb_class_score,temb_reg_1,temb_reg_2,temb_reg_3
fast.2,MGSSHHHHHHVSKGEELFTGVVPILVELDGDVNGHKFSVRGEGEGDATYGKLTLKFICTTGKLPVPWPTLVTTLTYGVQCFVRYPDHMKQHDFFKSAMPEGYVQERTIFFKDDGCYKTRAEIKFEGDTLVNRIELHGIDFKEDGNILGHKLEYNMNSHNIYIMPDKQNNGIKVNFKVRHNIEDGSVQLADHYQQNTPIGDGPVLLPDYHYLHTWSELSKDPNEKRDHMVVLEFVEAAGITLGMDELYK,0.022884582911302034,44.02787399291992,45.526798248291016,45.72016906738281
slow.3,MGSSHHHHHHVSKGEELFTGVVPILVELDGDVNGHKFSVRGEGEGDATYGKLTLKFICTTGKLPVPWPTLVTTLTYGVLCFVRYPDHMKQHDFFKSAMPEGYVQERTIFFKDDGCYKTRAEVKFEGDTLVNRIELHGIDFKEDGNILGHKLEYNSNSHNVYIMPDKQNNGIKVNFKVRHNIEDGSVQLADHYQQNTPIGDGPVLLPDYHYLHTWSELSKDPNEKRDHMVVLEFIEAAGITLGMDELYK,0.022625756933632588,41.86029815673828,45.335750579833984,43.78443145751953
fast.3,MGSSHHHHHHVSKGEELFTGVVPILVELDGDVNGHKFSVRGEGEGDATYGKLTLKFICTTGKLPVPWPTLATTLSYGVPCFARYPDHMKQHDFFKSAMPEGYVQERTIFFKDDGCYKTRAEVKFEGDTLVNRIELHGIDFKEDGNILGHKLEYNMNSHNVYIMPDKQNNGIKVNFKVRHNIEDGSVQLADHYQQNTPIGDGPVLLPDYHYLHTWSELSKDPNEKRDHMVVLEFIEAAGITLGMDELYK,0.01773817677274928,43.696044921875,44.97978591918945,40.84675216674805
bleach.2,MGSSHHHHHHVSKGEELFTGVVPILVELDGDVNGHKFSVRGEGEGDATYGKLTLKFICTTGKLPVPWPTLLTTLSYGAQCFARYPDHMKQHDFFKSAMPEGYVQERTIFFKDDGCYKTRAEIKFEGDTLVNRIELHGIDFKEDGNILGHKLEYNMNSHNVYIMPDKQNNGIKVNFKTRHNIEDGSVQLADHYQQNTPIGDGPVLLPDYHYLHTWSELSKDPNEKRDHMVLLEFVEAAGITLGMDELYK,0.011213366943004255,42.8275260925293,45.96378707885742,43.008567810058594
bleach.6,MGSSHHHHHHVSKGEELFTGVVPILVELDGDVNGHKFSVRGEGEGDATYGKLTLKFICTTGKLPVPWPTLLTTLTYGVQCFCRYPDHMKQHDFFKSAMPEGYVQERTIFFKDDGCYKTRAEVKFEGDTLVNRIELHGIDFKEDGNILGHKLEYNMNSHNVYIMPDKQNNGIKVNFKTRHNIEDGSVQLADLYQQNTPIGDGPVLLPDYHYLHTWSELSKDPNEKRDHMVLLEFIEAAGITLGMDELYK,0.012773172232295075,42.420745849609375,46.95844268798828,44.523712158203125
mid.2,MGSSHHHHHHVSKGEELFTGVVPILVELDGDVNGHKFSVRGEGEGDATYGKLTLKFICTTGKLPVPWPTLVTTLTYGVQCFSRYPDHMKQHDFFKSAMPEGYVQERTIFFKDDGCYKIRAEVKFEGDTLVNRIELHGIDFKEDGNILGHKLEYNINSHNVYIMPDKQNNGIKVNFKTRHNIEDGSVQLADHYQQNTPIGDGPVLLPDYHYLHTWSELSKDPNEKRDHMVLLEFVEAAGITLGMDELYK,0.022372017790432613,43.90684509277344,46.674530029296875,46.051734924316406
basic.3,MGSSHHHHHHVSKGEELFTGVVPILVELDGDVNGHKFSVRGEGEGDATYGKLTLKFICTTGKLPVPWPTLVTTLSYGAQCFARYPDHMKQHDFFKSAMPEGYVQERTIFFKDDGCYKTRAEVKFEGDTLVNRIELHGIDFKEDGNILGHKLEYNSNSHNVYIMPDKQNNGIKVNFKTRHNIEDGSVQLADHYQQNTPIGDGPVLLPDYHYLHTWSELSKDPNEKRDHMVVLEFIEAAGITLGMDELYK,0.013625198996008139,42.89209747314453,45.12762451171875,41.06785583496094
thermo.9,MGSSHHHHHHVSKGEELFTGVVPILVELDGDVNGHKFSVRGEGEGDATYGKLTLKFICTTGKLPVPWPTLVTTLTYGVQCFSRYPDHMKQHDFFKSAMPEGYVQERTIFFKDDGCYKTRAEVKFEGDTLVNRIELHGIDFKEDGNILGHKLEYNYNSHNVYIMPDKQNNGIKVNFKVRHNIEDGSVQLADHYQQNTPIGDGPVLLPDYHYLHHWSELSKDPNEKRDHMVLLQFVEAAGITLGMDELYK,0.015305549646147752,43.521034240722656,46.968605041503906,43.474605560302734
bleach.4,MGSSHHHHHHVSKGEELFTGVVPILVELDGDVNGHKFSVRGEGEGDATYGKLTLKFICTTGKLPVPWPTLVTTLTYGVPCFTRYPDHMKQHDFFKSAMPEGYVQERTIFFKDDGCYKTRAEIKFEGDTLVNRIELHGIDFKEDGNILGHKLEYNMNSHNVYIMPDKQNNGIKVNFKTRHNIEDGSVQLADHYQQNTPIGDGPVLLPDYHYLHTWSELSKDPNEKRDHMVLLEFVEAAGITLGMDELYK,0.01849049470169426,42.48153305053711,47.00508117675781,43.740501403808594
mid.3,MGSSHHHHHHVSKGEELFTGVVPILVELDGDVNGHKFSVRGEGEGDATYGKLTLKFICTTGKLPVPWPTLVTTLTYGVQCFARYPDHMKQHDFFKSAMPEGYVQERTIFFKDDGCYKVRAEVKFEGDTLVNRIELHGIDFKEDGNILGHKLEYNMNSHNVYIMPDKQNNGIKVNFKVRHNIEDGSVQLADIYQQNTPIGDGPVLLPDYHYLHTWSELSKDPNEKRDHMVLLEFIEAAGITLGMDELYK,0.031157897911114577,44.186912536621094,46.62042236328125,42.29137420654297
photostable.2,MGSSHHHHHHVSKGEELFTGVVPILVELDGDVNGHKFSVRGEGEGDATYGKLTLKFICTTGKLPVPWPTLLTTLTYGVACFARYPDHMKQHDFFKSAMPEGYVQERTIFFKDDGCYKTRAEVKFEGDTLVNRIELHGIDFKEDGNILGHKLEYNMNSHNVYIMPDKQNNGIKVNFKTRHNIEDGSVQLADHYQQNTPIGDGPVLLPDYHYLHTWSELSKDPNEKRDHMVVLEFIEAAGITLGMDELYK,0.016349005682946838,42.50843048095703,45.265357971191406,42.798011779785156
bleach.1,MGSSHHHHHHVSKGEELFTGVVPILVELDGDVNGHKFSVRGEGEGDATYGKLTLKFICTTGKLPVPWPTLVTTLTYGVQCFSRYPDHMKQHDFFKSAMPEGYVQERTIFFKDDGCYKLRAEVKFEGDTLVNRIELHGIDFKEDGNILGHKLEYNMNSHNVYIMPDKQNNGIKVNFKVRHNIEDGSVQLADHYQQNTPIGDGPVLLPDYHYLHTWSELSKDPNEKRDHMVVLEFVEAAGITLGMDELYK,0.019191017286076247,44.57921600341797,46.67167663574219,43.88800048828125
fast.4,MGSSHHHHHHVSKGEELFTGVVPILVELDGDVNGHKFSVRGEGEGDATYGKLTLKFICTTGKLPVPWPTLVTTLSYGVACFARYPDHMKQHDFFKSAMPEGYVQERTIFFKDDGCYKTRAEVKFEGDTLVNRIELHGIDFKEDGNILGHKLEYNVNSHNVYIMPDKQNNGIKVNFKTRHNIEDGSVQLADHYQQNTPIGDGPVLLPDYHYLHTWSELSKDPNEKRDHMVLLEFIEAAGITLGMDELYK,0.020272468899266722,42.64384841918945,45.55885314941406,42.45814514160156
thermo.5,MGSSHHHHHHVSKGEELFTGVVPILIELDGDVNGHKFSVRGEGEGDATYGKLTLKFICTTGKLPVPWPTLATTLSYGVQCFARYPDHMKQHDFFKSAMPEGYVQERTIFFKDDGCYKTRAEVKFEGDTLVNRIELHGIDFKEDGNILGHKLEYNMNSHNVYIMPDKQNNGIKVNFKIRHNIEDGSVQLADHYQRNTPIGDGPVLLPDYHYLHTWSELSKDPNEKRDHMVVLEFIEAAGITLGMDELYK,0.019876207857124524,42.00094223022461,44.63334655761719,40.54738235473633
basic.6,MGSSHHHHHHVSKGEELFTGVVPILVELDGDVNGHKFSVCGEGEGDATYGKLTLKFICTTGKLPVPWPTLVTTLSYGVQCFARYPDHMKQHDFFKSAMPEGYVQERTIFFKDDGCYKTRAEVKFEGDTLVNRIELHGIDFKEDGNILGHKLEYNINSHNVYIMPDKQNNGIKVNFKVRHNIEDGSVQLADHYQQNTPIGDGPVLLPDYHYLHTWSELSKDPNEKRDHMVLLEFIEAAGITLGMDELYK,0.01866934048377311,43.02732849121094,45.76547622680664,43.16193389892578
acid.1,MGSSHHHHHHVSKGEELFTGVVPILVELDGDVNGHKFSVRGEGEGDATYGKLTLKFICTTGKLPVPWPTLVTTLSYGVQCFARYPDHMKQHDFFKSAMPEGYVQERTIFFKDDGCYKTRAEVKFEGDTLVNRIELHGIDFKEDGNILGHKLEYNFNSHNVYIMPDKQNNGIKVNFKVRHNIEDGSVQLADLYQQNTPIGDGPVLLPDYHYLHTWSELSKDPNEKRDHMVLLEFIEAAGITLGMDELYK,0.018751965658992807,43.41626739501953,45.85011672973633,42.02686309814453
thermo.4,MGSSHHHHHHVSKGEELFTGVVPILVELDGDVNGHKFSVSGEGEGDATYGKLTLKFICTTGKLPVPWPTLVTTLTYGVMCFSRYPDHMKQHDFFKSAMPEGYVQERTIFFKDDGCYKTRAEVKFEGDTLVNRIELHGIDFKEDGNILGHKLEYNFNSHNVYIMPDKQNNGIKANFKVRHNIEDGSVQLADHYQQNTPIGDGPVLLPDYHYLHHWDELSKDPNEKRDHMVLLEFVEAAGITLGMDELYK,0.019675457444530798,42.103668212890625,46.4656982421875,44.255943298339844
acid.2,MGSSHHHHHHVSKGEELFTGVVPILIELDGDVNGHKFSVRGEGEGDATYGKLTLKFICTTGKLPVPWPTLVTTLSYGVQCFARYPDHMKQHDFFKSAMPEGYVQERTIFFKDDGCYKTRAEVKFEGDTLVNRIELHGIDFKEDGNILGHKLEYNFNSHNVYIMPDKQNNGIKVNFKIRHNIEDGSVQLADIYQQNTPIGDGPVLLPDYHYLHTWSELSKDPNEKRDHMVLLEFIEAAGITLGMDELYK,0.027309149650543083,42.30885314941406,45.041473388671875,41.40895080566406
thermo.6,MGSSHHHHHHVSKGEELFTGVVPILIELDGDVNGHKFSVRGEGEGDATYGKLTLKFICTTGKLPVPWPTLATTLSYGVQCFARYPDHMKQHDFFKSAMPEGYVQERTIFFKDDGCYKTRAEVKFEGDTLVNRIELHGIDFKEDGNILGHKLEYNMNSHNVYIMPDKQNNGIKVNFKIRHNIEDGSVQLADHYQQNTPIGDGPVLLPDYHYLHTWSELSKDPNEKRDHMVVLEFIEAAGITLGMDELYK,0.0212888767958486,42.48289108276367,44.87609100341797,40.83185577392578
bleach.5,MGSSHHHHHHVSKGEELFTGVVPILIELDGDVNGHKFSVRGEGEGDATYGKLTLKFICTTGKLPVPWPTLVTTLSYGVQCFVRYPDHMKQHDFFKSAMPEGYVQERTIFFKDDGCYKTRAEVKFEGDTLVNRIELHGIDFKEDGNILGHKLEYNMNSHNVYIMPDKQNNGIKVNFKIRHNIEDGSAQLADHYQQNTPIGDGPVLLPDYHYLHTWSELSKDPNEKRDHMVLLEFIEAAGITLGMDELYK,0.023295807740078042,42.71809387207031,44.971458435058594,43.06893539428711
slow.5,MGSSHHHHHHVSKGEELFTGVVPILVELDGDVNGHKFSVRGEGEGDATYGKLTLKFICTTGKLPVPWPTLVTTLSYGVQCFARYPDHMKQHDFFKSAMPEGYVQERTIFFKDDGCYKTRAEVKFEGDTLVNRIELHGIDFKEDGNILGHKLEYNMNSHNVYIMPDKQNNGIKVNFKIRHNIEDGSVQLXDHYQQNTPIGDGPVLLPDYHYLHTWSELSKDPNEKRDHMVVPEFIEAAGITLGMDELYK,0.016645656280811133,43.65729904174805,44.90404510498047,43.83129119873047
thermo.8,MGSSHHHHHHVSKGEELFTGVVPILVELDGDVNGHKFSVRGEGEGDATYGKLTLKFICTTGKLPVPWPTLVTTLSYGVQCFCRYPDHMKQHDFFKSAMPEGYVQERTIFFKDDGCYKTRAEVKFEGDTLVNRIELHGIDFKEDGNILGHKLEYNINSHNVYIMPDKQNNGIKVNFKIRHNIEDGSVQLADHYQQNTPIGDGPVLLPDYHYLHTWSELSKDPNEKRDHMVLLEFIEAAGITLGMDELYK,0.018875479132075258,43.02552795410156,46.093162536621094,45.80909729003906
slow.4,MGSSHHHHHHVSKGEELFTGVVPILVELDGDVNGHKFSVSGEGEGDATYGKLTLKFICTTGKLPVPWPTLVTTLTYGVQCFSRYPDHMKQHDFFKSAMPEGYVQERTIFFKDDGCYKTRAEVKFEGDTLVNRIELHGIDFKEDGNILGHKLEYNFNSHNVYIMPDKQNNGIKMNFKTRHNIEDGSVQLADHYQENTPIGDGPVLLPDYHYLHHWDELSKDPNEKRDHMVLLEFVEAAGITLGMDELYK,0.01460590096036562,42.552032470703125,45.55302429199219,45.159481048583984
slow.2,MGSSHHHHHHVSKGEELFTGVVPILVELDGDVNGHKFSVRGEGEGDATYGKLTLKFICTTGKLPVPWPTLVTTLTYGMLCFTRYPDHMKQHDFFKSAMPEGYVQERTIFFKDDGCYKTRAEIKFEGDTLVNRIELHGIDFKEDGNILGHKLEYNMNSHNVYIMPDKQNNGIKVNFKVRHNIEDGSVQLADHYQQNTPIGDGPVLLPDYHYLHTWSELSKDPNEKRDHMVVLEFIEAAGITLGMDELYK,0.02452813571874054,41.71192169189453,45.275169372558594,43.125694274902344
mid.4,MGSSHHHHHHVSKGEELFTGVVPILVELDGDVNGHKFSVRGEGEGDATYGKLTLKFICTTGKLPVPWPTLVTTLTYGAQCFARYPDHMKQHDFFKSAMPEGYVQERTIFFKDDGCYKTRAEVKFEGDTLVNRIELHGIDFKEDGNILGHKLEYNMNSHNVYIMPDKQNNGIKVNFKTRHNIEDGSVQLADHYQQNTPIGDGPVLLPDYHYLHTWSELSKDPNEKRDHMVVLEFVEAAGITLGMDELYK,0.015597581293411905,43.411705017089844,45.908203125,43.153839111328125
mid.5,MGSSHHHHHHVSKGEELFTGVVPILVELDGDVNGHKFSVRGEGEGDATYGKLTLKFICTTGKLPVPWPTLVTTLTYGVQCFSRYPDHMKQHDFFKSAMPEGYVQERTIFFKDDGCYKTRAEVKFEGDTLVNRIELHGIDFKEDGNILGHKLEYNMNSHNVYIMPDKQNNGIKVNFKVRHNIEDGSVQLADYYQQNTPIGDGPVLLPDYHYLHTWSELSKDPNEKRDHMVVLEFIEAAGITLGMDELYK,0.020149404566438513,43.17738342285156,45.361045837402344,43.029869079589844
acid.3,MGSSHHHHHHVSKGEELFTGVVPILVELDGDVNGHKFSVRGEGEGDATYGKLTLKFICTTGKLPVPWPTLVTTLSYGVLCFARYPDHMKQHDFFKSAMPEGYVQERTIFFKDDGCYKVRAEVKFEGDTLVNRIELHGIDFKEDGNILGHKLEYNMNSHNVYIMPDKQNNGIKVNFKTRHNIEDGSVQLADHYQQNTPIGDGPVLLPDYHYLHTWSELSKDPNEKRDHMVLLEFIEAAGITLGMDELYK,0.022057779444175446,43.48402404785156,46.053829193115234,43.88463592529297
acid.4,MGSSHHHHHHVSKGEELFTGVVPILVELDGDVNGHKFSVRGEGEGDATYGKLTLKFICTTGKLPVPWPTLLTTLTYGVLCFSRYPDHMKQHDFFKSAMPEGYVQERTIFFKDDGCYKTRAEVKFEGDTLVNRIELHGIDFKEDGNILGHKLEYNMNSHNVYIMPDKQNNGIKVNFKTRHNIEDGSVQLADHYQQNTPIGDGPVLLPDYHYLHTWSELSKDPNEKRDHMVVLEFVEAAGITLGMDELYK,0.011433355132429764,42.42210006713867,46.14126968383789,44.54494857788086
mid.6,MGSSHHHHHHVSKGEELFTGVVPILVELDGDVNGHKFSVRGEGEGDATYGKLTLKFICTTGKLPVPWPTLVTTLTYGMQCFTRYPDHMKQHDFFKSAMPEGYVQERTIFFKDDGCYKTRAEVKFEGDTLVNRIELHGIDFKEDGNILGHKLEYNMNSHNVYIMPDKQNNGIKVNFKTRHNIEDGSVQLADHYQQNTPIGDGPVLLPDYHYLHTWSELSKDPNEKRDHMVLLEFIEAAGITLGMDELYK,0.016092316166150693,43.32278823852539,46.93042755126953,43.27574157714844
mid.7,MGSSHHHHHHVSKGEELFTGVVPILVELDGDVNGHKFSVRGEGEGDATYGKLTLKFICTTGKLPVPWPTLVTTLTYGVQCFTRYPDHMKQHDFFKSAMPEGYVQERTIFFKDDGCYKTRAEVKFEGDTLVNRIELHGIDFKEDGNILGHKLEYNFNSHNVYIMPDKQNNGIKVNFKTRHNIEDGSVQLADHYQQNTPIGDGPVLLPDYHYLHTWSELSKDPNEKRDHMVLLEFIEAAGITLGMDELYK,0.016598267431065107,43.171783447265625,46.85042953491211,44.62727355957031
basic.4,MGSSHHHHHHVSKGEELFTGVVPILVELDGDVNGHKFSVRGEGEGDATYGKLTLKFICTTGKLPVPWPTLVTTLSYGVPCFARYPDHMKQHDFFKSAMPEGYVQERTIFFKDDGCYKVRAEVKFEGDTLVNRIELHGIDFKEDGNILGHKLEYNMNSHNVYIMPDKQNNGIKVNFKTRHNIEDGSVQLADHYQQNTPIGDGPVLLPDYHYLHTWSELSKDPNEKRDHMVVLEFIEAAGITLGMDELYK,0.017740411813676023,43.9724006652832,46.086669921875,42.69291305541992
em-blue-shift.2,MGSSHHHHHHVSKGEELFTGVVPILVELDGDVNGHKFSVRGEGEGDATYGKLTLKFICTTGKLPVPWPTLVTTLSYGVQCFARYPDHMKQHDFFKSAMPEGYVQERTIFFKDDGCYKIRAEVKFEGDTLVNRIELHGIDFKEDGNILGHKLEYNFNSHNIYIMPDKQNNGIKVNFKTRHNIEDGSVQLADHYQQNTPIGDGPVLLPDYHYLHTWSELSKDPNEKRDHMVLLEFVEAAGITLGMDELYK,0.0189741664248449,42.92384719848633,46.402854919433594,44.55195617675781
mid.8,MGSSHHHHHHVSKGEELFTGVVPILVELDGDVNGHKFSVRGEGEGDATYGKLTLKFICTTGKLPVPWPTLATTLTYGVQCFTRYPDHMKQHDFFKSAMPEGYVQERTIFFKDDGCYKTRAEVKFEGDTLVNRIELHGIDFKEDGNILGHKLEYNMNSHNVYIMPDKQNNGIKVNFKTRHNIEDGSVQLADHYQQNTPIGDGPVLLPDYHYLHTWSELSKDPNEKRDHMVVLEFVEAAGITLGMDELYK,0.013078740625772162,43.23263168334961,46.67670822143555,43.14613342285156
acid.5,MGSSHHHHHHVSKGEELFTGVVPILVELDGDVNGHKFSVRGEGEGDATYGKLTLKFICTTGKLPVPWPTLVTTLTYGVQCFTRYPDHMKQHDFFKSAMPEGYVQERTIFFKDDGCYKTRAEVKFEGDTLVNRIELHGIDFKEDGNILGHKLEYNMNSHNVYIMPDKQNNGIKVNFKVRHNIEDGSVQLADVYQQNTPIGDGPVLLPDYHYLHTWSELSKDPNEKRDHMVLLEFVEAAGITLGMDELYK,0.01935735149640286,43.69178771972656,45.92107391357422,43.642982482910156
em-blue-shift.1,MGSSHHHHHHVSKGEELFTGVVPILVELDGDVNGHKFSVRGEGEGDATYGKLTLKFICTTGKLPVPWPTLVTTLSYGVPCFARYPDHMKQHDFFKSAMPEGYVQERTIFFKDDGCYKVRAEVKFEGDTLVNRIELHGIDFKEDGNILGHKLEYNMNSHNVYIMPDKQNNGIKVNFKVRHNIEDGSVQLADHYQQNTPIGDGPVLLPDYHYLHTWSELSKDPNEKRDHMVLLEFIEAAGITLGMDELYK,0.029148394876989794,44.21714401245117,46.220130920410156,42.5774040222168
mid.9,MGSSHHHHHHVSKGEELFTGVVPILIELDGDVNGHKFSVRGEGEGDATYGKLTLKFICTTGKLPVPWPTLVTTLTYGVQCFSRYPDHMKQHDFFKSAMPEGYVQERTIFFKDDGCYKTRAEVKFEGDTLVNRIELHGIDFKEDGNILGHKLEYNFNSHNVYIMPDKQNNGIKVNFKVRHNIEDGSVQLADHYQQNTPIGDGPVLLPDYHYLHTWSELSKDPNEKRDHMVVLEFIEAAGITLGMDELYK,0.02159513325178891,42.67368698120117,45.399559020996094,42.65244674682617
mid.10,MGSSHHHHHHVSKGEELFTGVVPILVELDGDVNGHKFSVRGEGEGDATYGKVTLKFICTTGKLPVPWPTLVTTLTYGVLCFARYPDHMKQHDFFKSAMPEGYVQERTIFFKDDGCYKTRAEVKFEGDTLVNRIELHGIDFKEDGNILGHKLEYNFNSHNVYIMPDKQNNGIKVNFKIRHNIEDGSVQLADHYQQNTPIGDGPVLLPDYHYLHTWSELSKDPNEKRDHMVVLEFIEAAGITLGMDELYK,0.028859084182138523,41.364261627197266,45.39583969116211,42.72364807128906
mid.11,MGSSHHHHHHVSKGEELFTGVVPILVELDGDVNGHKFSVSGEGEGDATYGKLTLKFICTTGKLPVPWPTLVTTLTYGVMCFSRYPDHMKQHDFFKSAMPEGYVQERTIFFKDDGCYKTRAEVKFEGDTLVNRIELHGIDFKEDGNILGHKLEYNFNSHNVYIMPDKQNNGIKVNFKIRHNIEDGSVQLADHYQQNTPIGDGPVLLPDYHYLHTWSELSKDPNEKRDHMVVLEFIEAAGITLGMDELYK,0.027336053283116345,42.143165588378906,45.95637893676758,43.48107147216797
thermo.2,MGSSHHHHHHVSKGEELFTGVVPILVELDGDVNGHKFSVSGEGEGDATYGKLTLKFICTTGKLPVPWPTLVTTLTYGVQCFSRYPDHMKQHDFFKSAMPEGYVQERTIFFKDDGCYKTRAEVKFEGDTLVNRIELHGIDFKEDGNILGHKLEYNFNSHNVYIMPDKQNNGIKVNFKIRHNIEDGSVQLADHYQQNTPIGDGPVLLPDYHYLHHWTELSKDPNEKRDHMVVLEFIEAAGITLGMDELYK,0.02415739697138435,42.53871154785156,45.52037811279297,44.30436706542969
slow.1,MGSSHHHHHHVSKGEELFTGVVPLLVELDGDVNGHKFSVSGEGEGDATYGKLTLKFICTTGKLPVPWPTLVTTLTYGVQCFSRYPDHMKQHDFFKSAMPEGYVQERTIFFKDDGCYKTRAEVKFEGDTLVNRIELHGIDFKEDGNILGHKLEYNFNSHNVYIMPDKQNNGIKVNFKTRHNIEDGSVQLADHYQQNTPIGDGPVLLPDYHYLHHWTEPSKDPDEKRDHMVLLEFVEAAGITLGMDELYK,0.011559244421040867,44.11619567871094,45.723690032958984,47.731266021728516
thermo.1,MGSSHHHHHHVSKGEELFTGVVPILVELDGDVNGHKFSVSGEGEGDATYGKLTLKFICTTGKLPVPWPTLVTTLTYGVQCFSRYPDHMKQHDFFKSAMPEGYVQERTIFFKDDGCYKTRAEVKFEGDTLVNRIELHGIDFKEDGNILGHKLEYNFNSHNVYIMPDKQNNGIKVNFKVRHNIEDGSVQLADHYQQNTPIGDGPVLLPDYHYLHHWTELSKDPNEKRDHMVLLEFVEAAGITLGMDELYK,0.01870326213144452,43.6086540222168,46.030582427978516,44.879493713378906
thermo.3,MGSSHHHHHHVSKGEELFTGVVPILVELDGDVNGHKFSVSGEGEGDATYGKLTLKFICTTGKLPVPWPTLVTTLTYGVQCFSRYPDHMKQHDFFKSAMPEGYVQERTIFFKDDGCYKTRAEVKFEGDTLVNRIELHGIDFKEDGNILGHKLEYNFNSHNVYIMPDKQNNGIKVNFKTRHNIEDGSVQLADHYQQNTPIGDGPVLLPDYHYLHHWSELSKDPNEKRDHMVLLEFVEAAGITLGMDELYK,0.014054803088961721,43.22666549682617,46.70903015136719,45.71159362792969
basic.2,MGSSHHHHHHVSKGEELFTGVVPILVELDGDVNGHKFSVRGEGEGDATYGKLTLKFICTTGKLPVPWPTLVTTLTYGVQCFARYPDHMKQHDFFKSAMPEGYVQERTIFFKDDGCYKTRAEIKFEGDTLVNRIELHGIDFKEDGNILGHKLEYNVNSHNVYIMPDKQNNGIKVNFKTRHNIEDGSVQLADHYQQNTPIGDGPVLLPDYHYLHTWSELSKDPNEKRDHMVVLEFIEAAGITLGMDELYK,0.02244625784786872,43.1182746887207,45.594818115234375,43.611263275146484
acid.6,MGSSHHHHHHVSKGEELFTGVVPILVELDGDVNGHKFSVRGEGEGDATYGKLTLKFICTTGKLPVPWPTLVTTLTYGVLCFARYPDHMKQHDFFKSAMPEGYVQERTIFFKDDGCYKTRAEVKFEGDTLVNRIELHGIDFKEDGNILGHKLEYNMNSHNVYIMPDKQNNGIKVNFKVRHNIEDGSVQLADLYQQNTPIGDGPVLLPDYHYLHTWSELSKDPNEKRDHMVLLEFVEAAGITLGMDELYK,0.019164929812684754,42.72542953491211,45.596405029296875,42.649444580078125
mid.12,MGSSHHHHHHVSKGEELFTGVVPILVELDGDVNGHKFSVRGEGEGDATYGKLTLKFICTTGKLPVPWPTLVTTLSYGVQCFVRYPDHMKQHDFFKSAMPEGYVQERTIFFKDDGCYKTRAEVKFEGDTLVNRIELHGIDFKEDGNILGHKLEYNMNSHNVYIMPDKQNNGIKVNFKVRHNIEDGSVQLADIYQQNTPIGDGPVLLPDYHYLHTWSELSKDPNEKRDHMVLLEFIEAAGITLGMDELYK,0.020439024055618666,44.06769943237305,45.53789520263672,42.48893356323242
basic.1,MGSSHHHHHHVSKGEELFTGVVPILVELDGDVNGHKFSVRGEGEGDATYGKLTLKFICTTGKLPVPWPTLATTLSYGVQCFSRYPDHMKQHDFFKSAMPEGYVQERTIFFKDDGCYKTRAEVKFEGDTLVNRIELHGIDFKEDGNILGHKLEYNINSHNVYIMPDKQNNGIKVNFKTRHNIEDGSVQLADIYQQNTPIGDGPVLLPDYHYLHTWSELSKDPNEKRDHMVLLEFIEAAGITLGMDELYK,0.014644954231456274,42.14577102661133,45.937652587890625,43.13432312011719
bleach.3,MGSSHHHHHHVSKGEELFTGVVPILVELDGDVNGHKFSVRGEGEGDATYGKLTLKFICTTGKLPVPWPTLVTTLTYGVQCFARYPDHMKQHDFFKSAMPEGYVQERTIFFKDDGCYKTRAEIKFEGDTLVNRIELHGIDFKEDGNILGHKLEYNMNSHNVYIMPDKQNNGIKVNFKVRHNIEDGSVQLADIYQQNTPIGDGPVLLPDYHYLHTWSELSKDPNEKRDHMVLLEFIEAAGITLGMDELYK,0.02508882608901721,43.475181579589844,45.37723922729492,41.90320587158203
mid.13,MGSSHHHHHHVSKGEELFTGVVPILVELDGDVNGHKFSVRGEGEGDATYGKLTLKFICTTGKLPVPWPTLVTTLTYGVLCFVRYPDHMKQHDFFKSAMPEGYVQERTIFFKDDGCYKTRAEVKFEGDTLVNRIELHGIDFKEDGNILGHKLEYNSNSHNVYIMPDKQNNGIKVNFKTRHNIEDGSVQLADHYQQNTPIGDGPVLLPDYHYLHTWSELSKDPNEKRDHMVLLEFVEAAGITLGMDELYK,0.015881644745635182,41.97077178955078,46.13331604003906,44.15577697753906
photostable.1,MGSSHHHHHHVSKGEELFTGVVPILVELDGDVNGHKFSVRGEGEGDATYGKLTLKFICTTGKLPVPWPTLATTLSYGAQCFCRYPDHMKQHDFFKSAMPEGYVQERTIFFKDDGCYKTRAEVKFEGDTLVNRIELHGIDFKEDGNILGHKLEYNMNSHNIYIMPDKQNNGIKVNFKVRHNIEDGSVQLADHYQQNTPIGDGPVLLPDYHYLHTWSELSKDPNEKRDHMVLLEFVEAAGITLGMDELYK,0.012923009211450462,43.7304801940918,46.214820861816406,44.049991607666016
fast.1,MGSSHHHHHHVSKGEELFTGVVPILVELDGDVNGHKFSVRGEGEGDATYGKLTLKFICTTGKLPVPWPTLVTTLSYGVPCFARYPDHMKQHDFFKSAMPEGYVQERTIFFKDDGCYKTRAEVKFEGDTLVNRIELHGIDFKEDGNILGHKLEYNSNSHNVYIMPDKQNNGIKVNFKTRHNIEDGSVQLADHYQQNTPIGDGPVLLPDYHYLHTWSELSKDPNEKRDHMVLLEFIEAAGITLGMDELYK,0.015814078888363545,42.69939422607422,46.2081184387207,41.32880401611328
PROSS-eGFP,MGSSHHHHHHVSKGEELFTGVVPILVELDGDVNGHKFSVRGEGEGDATYGKLTLKFICTTGKLPVPWPTLVTTLTYGVQCFSRYPDHMKQHDFFKSAMPEGYVQERTIFFKDDGCYKTRAEVKFEGDTLVNRIELHGIDFKEDGNILGHKLEYNFNSHNVYIMPDKQNNGIKVNFKIRHNIEDGSVQLADHYQQNTPIGDGPVLLPDYHYLHTWSELSKDPNEKRDHMVLLEFVEAAGITLGMDELYK,0.016216133096745883,43.29003143310547,46.09156036376953,44.17894744873047
eGFP,MGSSHHHHHHVSKGEELFTGVVPILVELDGDVNGHKFSVSGEGEGDATYGKLTLKFICTTGKLPVPWPTLVTTLTYGVQCFSRYPDHMKQHDFFKSAMPEGYVQERTIFFKDDGNYKTRAEVKFEGDTLVNRIELKGIDFKEDGNILGHKLEYNYNSHNVYIMADKQKNGIKVNFKIRHNIEDGSVQLADHYQQNTPIGDGPVLLPDNHYLSTQSKLSKDPNEKRDHMVLLEFVTAAGITLGMDELYK,0.025907816339536812,45.173160552978516,49.44791793823242,47.99441909790039
sf:acid.4,MGSSHHHHHHVSKGEELFTGVVPILVELDGDVNGHKFSVRGEGEGDATNGKLTLKFICTTGKLPVPWPTLLTTLTYGVLCFSRYPDHMKRHDFFKSAMPEGYVQERTISFKDDGTYKTRAEVKFEGDTLVNRIELKGIDFKEDGNILGHKLEYNMNSHNVYITADKQKNGIKANFKTRHNVEDGSVQLADHYQQNTPIGDGPVLLPDNHYLSTQSVLSKDPNEKRDHMVVLEFVVTAAGITLGMDELYK,0.012965100965797545,44.20103073120117,49.90172576904297,45.14313507080078
sf:acid.5,MGSSHHHHHHVSKGEELFTGVVPILVELDGDVNGHKFSVRGEGEGDATNGKLTLKFICTTGKLPVPWPTLVTTLTYGVQCFTRYPDHMKRHDFFKSAMPEGYVQERTISFKDDGTYKTRAEVKFEGDTLVNRIELKGIDFKEDGNILGHKLEYNMNSHNVYITADKQKNGIKANFKVRHNVEDGSVQLADVYQQNTPIGDGPVLLPDNHYLSTQSVLSKDPNEKRDHMVLLEFVVTAAGITLGMDELYK,0.013172247395772808,44.25650405883789,50.55000686645508,45.2907829284668
sf:mid.9,MGSSHHHHHHVSKGEELFTGVVPILVELDGDVNGHKFSVRGEGEGDATNGKLTLKFICTTGKLPVPWPTLVTTLTYGVQCFSRYPDHMKRHDFFKSAMPEGYVQERTISFKDDGTYKTRAEVKFEGDTLVNRIELKGIDFKEDGNILGHKLEYNFNSHNVYITADKQKNGIKANFKVRHNVEDGSVQLADHYQQNTPIGDGPVLLPDNHYLSTQSVLSKDPNEKRDHMVVLEFIVTAAGITLGMDELYK,0.01724669690529954,44.51255798339844,50.828330993652344,44.421730041503906
sf:em-blue-shift.2,MGSSHHHHHHVSKGEELFTGVVPILVELDGDVNGHKFSVRGEGEGDATNGKLTLKFICTTGKLPVPWPTLVTTLSYGVQCFARYPDHMKRHDFFKSAMPEGYVQERTISFKDDGTYKIRAEVKFEGDTLVNRIELKGIDFKEDGNILGHKLEYNFNSHNIYITADKQKNGIKANFKTRHNVEDGSVQLADHYQQNTPIGDGPVLLPDNHYLSTQSVLSKDPNEKRDHMVLLEFVVTAAGITLGMDELYK,0.021654059741792676,44.53566360473633,50.064247131347656,43.283935546875
sf:photostable.1,MGSSHHHHHHVSKGEELFTGVVPILVELDGDVNGHKFSVRGEGEGDATNGKLTLKFICTTGKLPVPWPTLATTLSYGAQCFCRYPDHMKRHDFFKSAMPEGYVQERTISFKDDGTYKTRAEVKFEGDTLVNRIELKGIDFKEDGNILGHKLEYNMNSHNIYITADKQKNGIKANFKVRHNVEDGSVQLADHYQQNTPIGDGPVLLPDNHYLSTQSVLSKDPNEKRDHMVLLEFVVTAAGITLGMDELYK,0.012409991477792953,44.648677825927734,50.819435119628906,45.859153747558594
sf:mid.11,MGSSHHHHHHVSKGEELFTGVVPILVELDGDVNGHKFSVRGEGEGDATNGKLTLKFICTTGKLPVPWPTLVTTLTYGVMCFSRYPDHMKRHDFFKSAMPEGYVQERTISFKDDGTYKTRAEVKFEGDTLVNRIELKGIDFKEDGNILGHKLEYNFNSHNVYITADKQKNGIKANFKIRHNVEDGSVQLADHYQQNTPIGDGPVLLPDNHYLSTQSVLSKDPNEKRDHMVVLEFIVTAAGITLGMDELYK,0.02969704442467901,44.36520004272461,50.12797546386719,42.35082244873047
sf:bleach.2,MGSSHHHHHHVSKGEELFTGVVPILVELDGDVNGHKFSVRGEGEGDATNGKLTLKFICTTGKLPVPWPTLLTTLSYGAQCFARYPDHMKRHDFFKSAMPEGYVQERTISFKDDGTYKTRAEIKFEGDTLVNRIELKGIDFKEDGNILGHKLEYNMNSHNVYITADKQKNGIKANFKTRHNVEDGSVQLADHYQQNTPIGDGPVLLPDNHYLSTQSVLSKDPNEKRDHMVLLEFVVTAAGITLGMDELYK,0.010445470566236221,44.47188949584961,49.762874603271484,44.821319580078125
sf:fast.3,MGSSHHHHHHVSKGEELFTGVVPILVELDGDVNGHKFSVRGEGEGDATNGKLTLKFICTTGKLPVPWPTLATTLSYGVPCFARYPDHMKRHDFFKSAMPEGYVQERTISFKDDGTYKTRAEVKFEGDTLVNRIELKGIDFKEDGNILGHKLEYNMNSHNVYITADKQKNGIKANFKVRHNVEDGSVQLADHYQQNTPIGDGPVLLPDNHYLSTQSVLSKDPNEKRDHMVVLEFIVTAAGITLGMDELYK,0.01486809741204683,44.8408317565918,49.754493713378906,44.91969299316406
sf:thermo.2,MGSSHHHHHHVSKGEELFTGVVPILVELDGDVNGHKFSVRGEGEGDATNGKLTLKFICTTGKLPVPWPTLVTTLTYGVQCFSRYPDHMKRHDFFKSAMPEGYVQERTISFKDDGTYKTRAEVKFEGDTLVNRIELKGIDFKEDGNILGHKLEYNFNSHNVYITADKQKNGIKANFKIRHNVEDGSVQLADHYQQNTPIGDGPVLLPDNHYLSHQTVLSKDPNEKRDHMVVLEFIVTAAGITLGMDELYK,0.019115456239256777,44.184749603271484,50.670753479003906,43.914554595947266
sf:bleach.3,MGSSHHHHHHVSKGEELFTGVVPILVELDGDVNGHKFSVRGEGEGDATNGKLTLKFICTTGKLPVPWPTLVTTLTYGVQCFARYPDHMKRHDFFKSAMPEGYVQERTISFKDDGTYKTRAEIKFEGDTLVNRIELKGIDFKEDGNILGHKLEYNMNSHNVYITADKQKNGIKANFKVRHNVEDGSVQLADIYQQNTPIGDGPVLLPDNHYLSTQSVLSKDPNEKRDHMVLLEFIVTAAGITLGMDELYK,0.022541810207233857,44.83474349975586,49.59402084350586,43.31777572631836
sf:acid.3,MGSSHHHHHHVSKGEELFTGVVPILVELDGDVNGHKFSVRGEGEGDATNGKLTLKFICTTGKLPVPWPTLVTTLSYGVLCFARYPDHMKRHDFFKSAMPEGYVQERTISFKDDGTYKVRAEVKFEGDTLVNRIELKGIDFKEDGNILGHKLEYNMNSHNVYITADKQKNGIKANFKTRHNVEDGSVQLADHYQQNTPIGDGPVLLPDNHYLSTQSVLSKDPNEKRDHMVLLEFIVTAAGITLGMDELYK,0.034006660639278694,44.872894287109375,49.43827438354492,43.22316360473633
sfGFP,MGSSHHHHHHVSKGEELFTGVVPILVELDGDVNGHKFSVRGEGEGDATNGKLTLKFICTTGKLPVPWPTLVTTLTYGVQCFSRYPDHMKRHDFFKSAMPEGYVQERTISFKDDGTYKTRAEVKFEGDTLVNRIELKGIDFKEDGNILGHKLEYNFNSHNVYITADKQKNGIKANFKIRHNVEDGSVQLADHYQQNTPIGDGPVLLPDNHYLSTQSVLSKDPNEKRDHMVLLEFVVTAAGITLGMDELYK,0.015422741798414132,44.42095947265625,50.69889831542969,44.37110900878906
sf:photostable.2,MGSSHHHHHHVSKGEELFTGVVPILVELDGDVNGHKFSVRGEGEGDATNGKLTLKFICTTGKLPVPWPTLLTTLTYGVACFARYPDHMKRHDFFKSAMPEGYVQERTISFKDDGTYKTRAEVKFEGDTLVNRIELKGIDFKEDGNILGHKLEYNMNSHNVYITADKQKNGIKANFKTRHNVEDGSVQLADHYQQNTPIGDGPVLLPDNHYLSTQSVLSKDPNEKRDHMVVLEFIVTAAGITLGMDELYK,0.01498837486735222,44.54986572265625,48.978843688964844,42.74420928955078
sf:em-blue-shift.1,MGSSHHHHHHVSKGEELFTGVVPILVELDGDVNGHKFSVRGEGEGDATNGKLTLKFICTTGKLPVPWPTLVTTLSYGVPCFARYPDHMKRHDFFKSAMPEGYVQERTISFKDDGTYKVRAEVKFEGDTLVNRIELKGIDFKEDGNILGHKLEYNMNSHNVYITADKQKNGIKANFKVRHNVEDGSVQLADHYQQNTPIGDGPVLLPDNHYLSTQSVLSKDPNEKRDHMVLLEFIVTAAGITLGMDELYK,0.039373260155478665,45.26398468017578,50.1044921875,43.30315017700195
sf:bleach.1,MGSSHHHHHHVSKGEELFTGVVPILVELDGDVNGHKFSVRGEGEGDATNGKLTLKFICTTGKLPVPWPTLVTTLTYGVQCFSRYPDHMKRHDFFKSAMPEGYVQERTISFKDDGTYKLRAEVKFEGDTLVNRIELKGIDFKEDGNILGHKLEYNMNSHNVYITADKQKNGIKANFKVRHNVEDGSVQLADHYQQNTPIGDGPVLLPDNHYLSTQSVLSKDPNEKRDHMVVLEFVVTAAGITLGMDELYK,0.019018992834300908,45.420841217041016,50.48809814453125,43.672325134277344
sf:mid.12,MGSSHHHHHHVSKGEELFTGVVPILVELDGDVNGHKFSVRGEGEGDATNGKLTLKFICTTGKLPVPWPTLVTTLSYGVQCFVRYPDHMKRHDFFKSAMPEGYVQERTISFKDDGTYKTRAEVKFEGDTLVNRIELKGIDFKEDGNILGHKLEYNMNSHNVYITADKQKNGIKANFKVRHNVEDGSVQLADIYQQNTPIGDGPVLLPDNHYLSTQSVLSKDPNEKRDHMVLLEFIVTAAGITLGMDELYK,0.017371724511068824,44.46226501464844,49.92760467529297,43.85435104370117
sf:mid.5,MGSSHHHHHHVSKGEELFTGVVPILVELDGDVNGHKFSVRGEGEGDATNGKLTLKFICTTGKLPVPWPTLVTTLTYGVQCFSRYPDHMKRHDFFKSAMPEGYVQERTISFKDDGTYKTRAEVKFEGDTLVNRIELKGIDFKEDGNILGHKLEYNMNSHNVYITADKQKNGIKANFKVRHNVEDGSVQLADYYQQNTPIGDGPVLLPDNHYLSTQSVLSKDPNEKRDHMVVLEFIVTAAGITLGMDELYK,0.0169427514918959,44.44650650024414,49.97352600097656,43.59384536743164
sf:thermo.9,MGSSHHHHHHVSKGEELFTGVVPILVELDGDVNGHKFSVRGEGEGDATNGKLTLKFICTTGKLPVPWPTLVTTLTYGVQCFSRYPDHMKRHDFFKSAMPEGYVQERTISFKDDGTYKTRAEVKFEGDTLVNRIELKGIDFKEDGNILGHKLEYNYNSHNVYITADKQKNGIKANFKVRHNVEDGSVQLADHYQQNTPIGDGPVLLPDNHYLSHQSVLSKDPNEKRDHMVLLQFVVTAAGITLGMDELYK,0.013383955606577236,44.37200164794922,51.00855255126953,45.556549072265625
sf:mid.7,MGSSHHHHHHVSKGEELFTGVVPILVELDGDVNGHKFSVRGEGEGDATNGKLTLKFICTTGKLPVPWPTLVTTLTYGVQCFTRYPDHMKRHDFFKSAMPEGYVQERTISFKDDGTYKTRAEVKFEGDTLVNRIELKGIDFKEDGNILGHKLEYNFNSHNVYITADKQKNGIKANFKTRHNVEDGSVQLADHYQQNTPIGDGPVLLPDNHYLSTQSVLSKDPNEKRDHMVLLEFIVTAAGITLGMDELYK,0.015959668562335223,43.807373046875,50.32190704345703,43.9138069152832
sf:mid.10,MGSSHHHHHHVSKGEELFTGVVPILVELDGDVNGHKFSVRGEGEGDATNGKVTLKFICTTGKLPVPWPTLVTTLTYGVLCFARYPDHMKRHDFFKSAMPEGYVQERTISFKDDGTYKTRAEVKFEGDTLVNRIELKGIDFKEDGNILGHKLEYNFNSHNVYITADKQKNGIKANFKIRHNVEDGSVQLADHYQQNTPIGDGPVLLPDNHYLSTQSVLSKDPNEKRDHMVVLEFIVTAAGITLGMDELYK,0.04443831590415603,44.06755065917969,50.0977897644043,41.65455627441406
