mutations,sequence,class1_prob
T38N:L44M:Q69M:Y145F:A154P:T203I,MSKGEELFTGVVPILVELDGDVNGHKFSVSGEGEGDANYGKLTMKFICTTGKLPVPWPTLVTTLSYGVMCFSRYPDHMKQHDFFKSAMPEGYVQERTIFFKDDGNYKTRAEVKFEGDTLVNRIELKGIDFKEDGNILGHKLEYNFNSHNVYIMPDKQKNGIKVNFKIRHNIEDGSVQLADHYQQNTPIGDGPVLLPDNHYLSIQSALSKDPNEKRDHMVLLEFVTAAGITHGMDELYK,0.7666666666666667
Y39H:V68I:S202H:T203H:A206K:T225E,MSKGEELFTGVVPILVELDGDVNGHKFSVSGEGEGDATHGKLTLKFICTTGKLPVPWPTLVTTLSYGIQCFSRYPDHMKQHDFFKSAMPEGYVQERTIFFKDDGNYKTRAEVKFEGDTLVNRIELKGIDFKEDGNILGHKLEYNYNSHNVYIMADKQKNGIKVNFKIRHNIEDGSVQLADHYQQNTPIGDGPVLLPDNHYLHHQSKLSKDPNEKRDHMVLLEFVEAAGITHGMDELYK,0.72
G4S:V61A:Q69M:Y145F:A154P:T203I,MSKSEELFTGVVPILVELDGDVNGHKFSVSGEGEGDATYGKLTLKFICTTGKLPVPWPTLATTLSYGVMCFSRYPDHMKQHDFFKSAMPEGYVQERTIFFKDDGNYKTRAEVKFEGDTLVNRIELKGIDFKEDGNILGHKLEYNFNSHNVYIMPDKQKNGIKVNFKIRHNIEDGSVQLADHYQQNTPIGDGPVLLPDNHYLSIQSALSKDPNEKRDHMVLLEFVTAAGITHGMDELYK,0.6533333333333333
S30R:L44M:Q69M:Y145F:A154P:T203I,MSKGEELFTGVVPILVELDGDVNGHKFSVRGEGEGDATYGKLTMKFICTTGKLPVPWPTLVTTLSYGVMCFSRYPDHMKQHDFFKSAMPEGYVQERTIFFKDDGNYKTRAEVKFEGDTLVNRIELKGIDFKEDGNILGHKLEYNFNSHNVYIMPDKQKNGIKVNFKIRHNIEDGSVQLADHYQQNTPIGDGPVLLPDNHYLSIQSALSKDPNEKRDHMVLLEFVTAAGITHGMDELYK,0.6533333333333333
Y39H:S202H:T203H:A206K:V224I:T225E,MSKGEELFTGVVPILVELDGDVNGHKFSVSGEGEGDATHGKLTLKFICTTGKLPVPWPTLVTTLSYGVQCFSRYPDHMKQHDFFKSAMPEGYVQERTIFFKDDGNYKTRAEVKFEGDTLVNRIELKGIDFKEDGNILGHKLEYNYNSHNVYIMADKQKNGIKVNFKIRHNIEDGSVQLADHYQQNTPIGDGPVLLPDNHYLHHQSKLSKDPNEKRDHMVLLEFIEAAGITHGMDELYK,0.6533333333333333
L44M:V61A:Q69L:Y145F:A154P:T203I,MSKGEELFTGVVPILVELDGDVNGHKFSVSGEGEGDATYGKLTMKFICTTGKLPVPWPTLATTLSYGVLCFSRYPDHMKQHDFFKSAMPEGYVQERTIFFKDDGNYKTRAEVKFEGDTLVNRIELKGIDFKEDGNILGHKLEYNFNSHNVYIMPDKQKNGIKVNFKIRHNIEDGSVQLADHYQQNTPIGDGPVLLPDNHYLSIQSALSKDPNEKRDHMVLLEFVTAAGITHGMDELYK,0.76
Y39H:S147P:K158N:S202H:T203H:L220V,MSKGEELFTGVVPILVELDGDVNGHKFSVSGEGEGDATHGKLTLKFICTTGKLPVPWPTLVTTLSYGVQCFSRYPDHMKQHDFFKSAMPEGYVQERTIFFKDDGNYKTRAEVKFEGDTLVNRIELKGIDFKEDGNILGHKLEYNYNPHNVYIMADKQNNGIKVNFKIRHNIEDGSVQLADHYQQNTPIGDGPVLLPDNHYLHHQSALSKDPNEKRDHMVVLEFVTAAGITHGMDELYK,0.6333333333333333
S30R:Y39H:L44I:Q69M:Y145F:A154P,MSKGEELFTGVVPILVELDGDVNGHKFSVRGEGEGDATHGKLTIKFICTTGKLPVPWPTLVTTLSYGVMCFSRYPDHMKQHDFFKSAMPEGYVQERTIFFKDDGNYKTRAEVKFEGDTLVNRIELKGIDFKEDGNILGHKLEYNFNSHNVYIMPDKQKNGIKVNFKIRHNIEDGSVQLADHYQQNTPIGDGPVLLPDNHYLSTQSALSKDPNEKRDHMVLLEFVTAAGITHGMDELYK,0.6266666666666667
Y39H:S147P:S202H:T203H:S205T:L220V,MSKGEELFTGVVPILVELDGDVNGHKFSVSGEGEGDATHGKLTLKFICTTGKLPVPWPTLVTTLSYGVQCFSRYPDHMKQHDFFKSAMPEGYVQERTIFFKDDGNYKTRAEVKFEGDTLVNRIELKGIDFKEDGNILGHKLEYNYNPHNVYIMADKQKNGIKVNFKIRHNIEDGSVQLADHYQQNTPIGDGPVLLPDNHYLHHQTALSKDPNEKRDHMVVLEFVTAAGITHGMDELYK,0.5466666666666666
L44M:Q69M:Y145F:A154P:T203I,MSKGEELFTGVVPILVELDGDVNGHKFSVSGEGEGDATYGKLTMKFICTTGKLPVPWPTLVTTLSYGVMCFSRYPDHMKQHDFFKSAMPEGYVQERTIFFKDDGNYKTRAEVKFEGDTLVNRIELKGIDFKEDGNILGHKLEYNFNSHNVYIMPDKQKNGIKVNFKIRHNIEDGSVQLADHYQQNTPIGDGPVLLPDNHYLSIQSALSKDPNEKRDHMVLLEFVTAAGITHGMDELYK,0.76
Y39H:V61I:S202H:T203H:A206K:T225E,MSKGEELFTGVVPILVELDGDVNGHKFSVSGEGEGDATHGKLTLKFICTTGKLPVPWPTLITTLSYGVQCFSRYPDHMKQHDFFKSAMPEGYVQERTIFFKDDGNYKTRAEVKFEGDTLVNRIELKGIDFKEDGNILGHKLEYNYNSHNVYIMADKQKNGIKVNFKIRHNIEDGSVQLADHYQQNTPIGDGPVLLPDNHYLHHQSKLSKDPNEKRDHMVLLEFVEAAGITHGMDELYK,0.7333333333333333
L44M:V61A:Q69M:A154P:T203I:V224I,MSKGEELFTGVVPILVELDGDVNGHKFSVSGEGEGDATYGKLTMKFICTTGKLPVPWPTLATTLSYGVMCFSRYPDHMKQHDFFKSAMPEGYVQERTIFFKDDGNYKTRAEVKFEGDTLVNRIELKGIDFKEDGNILGHKLEYNYNSHNVYIMPDKQKNGIKVNFKIRHNIEDGSVQLADHYQQNTPIGDGPVLLPDNHYLSIQSALSKDPNEKRDHMVLLEFITAAGITHGMDELYK,0.7466666666666667
L44M:V68I:Q69A:Y145F:A154P:T203I,MSKGEELFTGVVPILVELDGDVNGHKFSVSGEGEGDATYGKLTMKFICTTGKLPVPWPTLVTTLSYGIACFSRYPDHMKQHDFFKSAMPEGYVQERTIFFKDDGNYKTRAEVKFEGDTLVNRIELKGIDFKEDGNILGHKLEYNFNSHNVYIMPDKQKNGIKVNFKIRHNIEDGSVQLADHYQQNTPIGDGPVLLPDNHYLSIQSALSKDPNEKRDHMVLLEFVTAAGITHGMDELYK,0.7666666666666667
T38N:L44M:Q69A:Y145F:A154P:T203I,MSKGEELFTGVVPILVELDGDVNGHKFSVSGEGEGDANYGKLTMKFICTTGKLPVPWPTLVTTLSYGVACFSRYPDHMKQHDFFKSAMPEGYVQERTIFFKDDGNYKTRAEVKFEGDTLVNRIELKGIDFKEDGNILGHKLEYNFNSHNVYIMPDKQKNGIKVNFKIRHNIEDGSVQLADHYQQNTPIGDGPVLLPDNHYLSIQSALSKDPNEKRDHMVLLEFVTAAGITHGMDELYK,0.7466666666666667
L44M:Q69A:Y145F:A154P:T203I,MSKGEELFTGVVPILVELDGDVNGHKFSVSGEGEGDATYGKLTMKFICTTGKLPVPWPTLVTTLSYGVACFSRYPDHMKQHDFFKSAMPEGYVQERTIFFKDDGNYKTRAEVKFEGDTLVNRIELKGIDFKEDGNILGHKLEYNFNSHNVYIMPDKQKNGIKVNFKIRHNIEDGSVQLADHYQQNTPIGDGPVLLPDNHYLSIQSALSKDPNEKRDHMVLLEFVTAAGITHGMDELYK,0.7733333333333333
Y39H:S202H:T203H:A206K:T225E,MSKGEELFTGVVPILVELDGDVNGHKFSVSGEGEGDATHGKLTLKFICTTGKLPVPWPTLVTTLSYGVQCFSRYPDHMKQHDFFKSAMPEGYVQERTIFFKDDGNYKTRAEVKFEGDTLVNRIELKGIDFKEDGNILGHKLEYNYNSHNVYIMADKQKNGIKVNFKIRHNIEDGSVQLADHYQQNTPIGDGPVLLPDNHYLHHQSKLSKDPNEKRDHMVLLEFVEAAGITHGMDELYK,0.6533333333333333
S30R:Y39H:L44I:Q69M:A154P:K158R,MSKGEELFTGVVPILVELDGDVNGHKFSVRGEGEGDATHGKLTIKFICTTGKLPVPWPTLVTTLSYGVMCFSRYPDHMKQHDFFKSAMPEGYVQERTIFFKDDGNYKTRAEVKFEGDTLVNRIELKGIDFKEDGNILGHKLEYNYNSHNVYIMPDKQRNGIKVNFKIRHNIEDGSVQLADHYQQNTPIGDGPVLLPDNHYLSTQSALSKDPNEKRDHMVLLEFVTAAGITHGMDELYK,0.7
Y39H:V150I:S202H:T203H:A206K:T225E,MSKGEELFTGVVPILVELDGDVNGHKFSVSGEGEGDATHGKLTLKFICTTGKLPVPWPTLVTTLSYGVQCFSRYPDHMKQHDFFKSAMPEGYVQERTIFFKDDGNYKTRAEVKFEGDTLVNRIELKGIDFKEDGNILGHKLEYNYNSHNIYIMADKQKNGIKVNFKIRHNIEDGSVQLADHYQQNTPIGDGPVLLPDNHYLHHQSKLSKDPNEKRDHMVLLEFVEAAGITHGMDELYK,0.7466666666666667
Y39H:K158N:S202H:T203H:A206K:T225E,MSKGEELFTGVVPILVELDGDVNGHKFSVSGEGEGDATHGKLTLKFICTTGKLPVPWPTLVTTLSYGVQCFSRYPDHMKQHDFFKSAMPEGYVQERTIFFKDDGNYKTRAEVKFEGDTLVNRIELKGIDFKEDGNILGHKLEYNYNSHNVYIMADKQNNGIKVNFKIRHNIEDGSVQLADHYQQNTPIGDGPVLLPDNHYLHHQSKLSKDPNEKRDHMVLLEFVEAAGITHGMDELYK,0.68
Y39H:K158N:S202H:T203H:S205T,MSKGEELFTGVVPILVELDGDVNGHKFSVSGEGEGDATHGKLTLKFICTTGKLPVPWPTLVTTLSYGVQCFSRYPDHMKQHDFFKSAMPEGYVQERTIFFKDDGNYKTRAEVKFEGDTLVNRIELKGIDFKEDGNILGHKLEYNYNSHNVYIMADKQNNGIKVNFKIRHNIEDGSVQLADHYQQNTPIGDGPVLLPDNHYLHHQTALSKDPNEKRDHMVLLEFVTAAGITHGMDELYK,0.64
Y39H:K158N:S202H:T203H:S205T:A206E,MSKGEELFTGVVPILVELDGDVNGHKFSVSGEGEGDATHGKLTLKFICTTGKLPVPWPTLVTTLSYGVQCFSRYPDHMKQHDFFKSAMPEGYVQERTIFFKDDGNYKTRAEVKFEGDTLVNRIELKGIDFKEDGNILGHKLEYNYNSHNVYIMADKQNNGIKVNFKIRHNIEDGSVQLADHYQQNTPIGDGPVLLPDNHYLHHQTELSKDPNEKRDHMVLLEFVTAAGITHGMDELYK,0.7
Y39H:V112I:S202H:T203H:A206K:T225E,MSKGEELFTGVVPILVELDGDVNGHKFSVSGEGEGDATHGKLTLKFICTTGKLPVPWPTLVTTLSYGVQCFSRYPDHMKQHDFFKSAMPEGYVQERTIFFKDDGNYKTRAEIKFEGDTLVNRIELKGIDFKEDGNILGHKLEYNYNSHNVYIMADKQKNGIKVNFKIRHNIEDGSVQLADHYQQNTPIGDGPVLLPDNHYLHHQSKLSKDPNEKRDHMVLLEFVEAAGITHGMDELYK,0.7133333333333334
Y39H:V68I:K158N:S202H:T203H:S205T,MSKGEELFTGVVPILVELDGDVNGHKFSVSGEGEGDATHGKLTLKFICTTGKLPVPWPTLVTTLSYGIQCFSRYPDHMKQHDFFKSAMPEGYVQERTIFFKDDGNYKTRAEVKFEGDTLVNRIELKGIDFKEDGNILGHKLEYNYNSHNVYIMADKQNNGIKVNFKIRHNIEDGSVQLADHYQQNTPIGDGPVLLPDNHYLHHQTALSKDPNEKRDHMVLLEFVTAAGITHGMDELYK,0.72
Y39H:K158R:S202H:T203H:A206K:T225E,MSKGEELFTGVVPILVELDGDVNGHKFSVSGEGEGDATHGKLTLKFICTTGKLPVPWPTLVTTLSYGVQCFSRYPDHMKQHDFFKSAMPEGYVQERTIFFKDDGNYKTRAEVKFEGDTLVNRIELKGIDFKEDGNILGHKLEYNYNSHNVYIMADKQRNGIKVNFKIRHNIEDGSVQLADHYQQNTPIGDGPVLLPDNHYLHHQSKLSKDPNEKRDHMVLLEFVEAAGITHGMDELYK,0.6266666666666667
Y39H:V68I:S202H:T203H:A206E:T225E,MSKGEELFTGVVPILVELDGDVNGHKFSVSGEGEGDATHGKLTLKFICTTGKLPVPWPTLVTTLSYGIQCFSRYPDHMKQHDFFKSAMPEGYVQERTIFFKDDGNYKTRAEVKFEGDTLVNRIELKGIDFKEDGNILGHKLEYNYNSHNVYIMADKQKNGIKVNFKIRHNIEDGSVQLADHYQQNTPIGDGPVLLPDNHYLHHQSELSKDPNEKRDHMVLLEFVEAAGITHGMDELYK,0.74
S30R:Y39H:L44I:Q69L:Y145F:A154P,MSKGEELFTGVVPILVELDGDVNGHKFSVRGEGEGDATHGKLTIKFICTTGKLPVPWPTLVTTLSYGVLCFSRYPDHMKQHDFFKSAMPEGYVQERTIFFKDDGNYKTRAEVKFEGDTLVNRIELKGIDFKEDGNILGHKLEYNFNSHNVYIMPDKQKNGIKVNFKIRHNIEDGSVQLADHYQQNTPIGDGPVLLPDNHYLSTQSALSKDPNEKRDHMVLLEFVTAAGITHGMDELYK,0.7133333333333334
Y39H:L44I:S202H:T203H:A206K:T225E,MSKGEELFTGVVPILVELDGDVNGHKFSVSGEGEGDATHGKLTIKFICTTGKLPVPWPTLVTTLSYGVQCFSRYPDHMKQHDFFKSAMPEGYVQERTIFFKDDGNYKTRAEVKFEGDTLVNRIELKGIDFKEDGNILGHKLEYNYNSHNVYIMADKQKNGIKVNFKIRHNIEDGSVQLADHYQQNTPIGDGPVLLPDNHYLHHQSKLSKDPNEKRDHMVLLEFVEAAGITHGMDELYK,0.72
S30R:Y39H:L44I:Q69M:A154P:S202H,MSKGEELFTGVVPILVELDGDVNGHKFSVRGEGEGDATHGKLTIKFICTTGKLPVPWPTLVTTLSYGVMCFSRYPDHMKQHDFFKSAMPEGYVQERTIFFKDDGNYKTRAEVKFEGDTLVNRIELKGIDFKEDGNILGHKLEYNYNSHNVYIMPDKQKNGIKVNFKIRHNIEDGSVQLADHYQQNTPIGDGPVLLPDNHYLHTQSALSKDPNEKRDHMVLLEFVTAAGITHGMDELYK,0.6266666666666667
Y39H:V68I:S202H:A206K:V224I:T225E,MSKGEELFTGVVPILVELDGDVNGHKFSVSGEGEGDATHGKLTLKFICTTGKLPVPWPTLVTTLSYGIQCFSRYPDHMKQHDFFKSAMPEGYVQERTIFFKDDGNYKTRAEVKFEGDTLVNRIELKGIDFKEDGNILGHKLEYNYNSHNVYIMADKQKNGIKVNFKIRHNIEDGSVQLADHYQQNTPIGDGPVLLPDNHYLHTQSKLSKDPNEKRDHMVLLEFIEAAGITHGMDELYK,0.6466666666666666
Y39H:S202H:T203H:S205T:A206K:L220V,MSKGEELFTGVVPILVELDGDVNGHKFSVSGEGEGDATHGKLTLKFICTTGKLPVPWPTLVTTLSYGVQCFSRYPDHMKQHDFFKSAMPEGYVQERTIFFKDDGNYKTRAEVKFEGDTLVNRIELKGIDFKEDGNILGHKLEYNYNSHNVYIMADKQKNGIKVNFKIRHNIEDGSVQLADHYQQNTPIGDGPVLLPDNHYLHHQTKLSKDPNEKRDHMVVLEFVTAAGITHGMDELYK,0.6933333333333334
S30R:L44M:Q69A:Y145F:A154P:T203I,MSKGEELFTGVVPILVELDGDVNGHKFSVRGEGEGDATYGKLTMKFICTTGKLPVPWPTLVTTLSYGVACFSRYPDHMKQHDFFKSAMPEGYVQERTIFFKDDGNYKTRAEVKFEGDTLVNRIELKGIDFKEDGNILGHKLEYNFNSHNVYIMPDKQKNGIKVNFKIRHNIEDGSVQLADHYQQNTPIGDGPVLLPDNHYLSIQSALSKDPNEKRDHMVLLEFVTAAGITHGMDELYK,0.68
T38N:Q69M:Y145F:A154P:T203I,MSKGEELFTGVVPILVELDGDVNGHKFSVSGEGEGDANYGKLTLKFICTTGKLPVPWPTLVTTLSYGVMCFSRYPDHMKQHDFFKSAMPEGYVQERTIFFKDDGNYKTRAEVKFEGDTLVNRIELKGIDFKEDGNILGHKLEYNFNSHNVYIMPDKQKNGIKVNFKIRHNIEDGSVQLADHYQQNTPIGDGPVLLPDNHYLSIQSALSKDPNEKRDHMVLLEFVTAAGITHGMDELYK,0.76
Y39H:L44M:V61A:Q69M:A154P:T203I,MSKGEELFTGVVPILVELDGDVNGHKFSVSGEGEGDATHGKLTMKFICTTGKLPVPWPTLATTLSYGVMCFSRYPDHMKQHDFFKSAMPEGYVQERTIFFKDDGNYKTRAEVKFEGDTLVNRIELKGIDFKEDGNILGHKLEYNYNSHNVYIMPDKQKNGIKVNFKIRHNIEDGSVQLADHYQQNTPIGDGPVLLPDNHYLSIQSALSKDPNEKRDHMVLLEFVTAAGITHGMDELYK,0.7066666666666667
Y39H:L44I:S202H:A206K:V224I:T225E,MSKGEELFTGVVPILVELDGDVNGHKFSVSGEGEGDATHGKLTIKFICTTGKLPVPWPTLVTTLSYGVQCFSRYPDHMKQHDFFKSAMPEGYVQERTIFFKDDGNYKTRAEVKFEGDTLVNRIELKGIDFKEDGNILGHKLEYNYNSHNVYIMADKQKNGIKVNFKIRHNIEDGSVQLADHYQQNTPIGDGPVLLPDNHYLHTQSKLSKDPNEKRDHMVLLEFIEAAGITHGMDELYK,0.6466666666666666
Y39H:S202H:T203H:S205T:A206K:T225E,MSKGEELFTGVVPILVELDGDVNGHKFSVSGEGEGDATHGKLTLKFICTTGKLPVPWPTLVTTLSYGVQCFSRYPDHMKQHDFFKSAMPEGYVQERTIFFKDDGNYKTRAEVKFEGDTLVNRIELKGIDFKEDGNILGHKLEYNYNSHNVYIMADKQKNGIKVNFKIRHNIEDGSVQLADHYQQNTPIGDGPVLLPDNHYLHHQTKLSKDPNEKRDHMVLLEFVEAAGITHGMDELYK,0.56
Y39H:S202H:A206K:V224I:T225E,MSKGEELFTGVVPILVELDGDVNGHKFSVSGEGEGDATHGKLTLKFICTTGKLPVPWPTLVTTLSYGVQCFSRYPDHMKQHDFFKSAMPEGYVQERTIFFKDDGNYKTRAEVKFEGDTLVNRIELKGIDFKEDGNILGHKLEYNYNSHNVYIMADKQKNGIKVNFKIRHNIEDGSVQLADHYQQNTPIGDGPVLLPDNHYLHTQSKLSKDPNEKRDHMVLLEFIEAAGITHGMDELYK,0.64
T38N:N105C:A154P:T203Y:V224I:T225E,MSKGEELFTGVVPILVELDGDVNGHKFSVSGEGEGDANYGKLTLKFICTTGKLPVPWPTLVTTLSYGVQCFSRYPDHMKQHDFFKSAMPEGYVQERTIFFKDDGCYKTRAEVKFEGDTLVNRIELKGIDFKEDGNILGHKLEYNYNSHNVYIMPDKQKNGIKVNFKIRHNIEDGSVQLADHYQQNTPIGDGPVLLPDNHYLSYQSALSKDPNEKRDHMVLLEFIEAAGITHGMDELYK,0.7266666666666667
Y39H:S147P:K158R:S202H:T203H:L220V,MSKGEELFTGVVPILVELDGDVNGHKFSVSGEGEGDATHGKLTLKFICTTGKLPVPWPTLVTTLSYGVQCFSRYPDHMKQHDFFKSAMPEGYVQERTIFFKDDGNYKTRAEVKFEGDTLVNRIELKGIDFKEDGNILGHKLEYNYNPHNVYIMADKQRNGIKVNFKIRHNIEDGSVQLADHYQQNTPIGDGPVLLPDNHYLHHQSALSKDPNEKRDHMVVLEFVTAAGITHGMDELYK,0.6333333333333333
Y39H:V61I:S202H:T203H:A206E:T225E,MSKGEELFTGVVPILVELDGDVNGHKFSVSGEGEGDATHGKLTLKFICTTGKLPVPWPTLITTLSYGVQCFSRYPDHMKQHDFFKSAMPEGYVQERTIFFKDDGNYKTRAEVKFEGDTLVNRIELKGIDFKEDGNILGHKLEYNYNSHNVYIMADKQKNGIKVNFKIRHNIEDGSVQLADHYQQNTPIGDGPVLLPDNHYLHHQSELSKDPNEKRDHMVLLEFVEAAGITHGMDELYK,0.7466666666666667
Y39H:V61I:K158N:S202H:T203H:S205T,MSKGEELFTGVVPILVELDGDVNGHKFSVSGEGEGDATHGKLTLKFICTTGKLPVPWPTLITTLSYGVQCFSRYPDHMKQHDFFKSAMPEGYVQERTIFFKDDGNYKTRAEVKFEGDTLVNRIELKGIDFKEDGNILGHKLEYNYNSHNVYIMADKQNNGIKVNFKIRHNIEDGSVQLADHYQQNTPIGDGPVLLPDNHYLHHQTALSKDPNEKRDHMVLLEFVTAAGITHGMDELYK,0.6866666666666666
Y39H:V61I:S202H:T203H:S205T:L220V,MSKGEELFTGVVPILVELDGDVNGHKFSVSGEGEGDATHGKLTLKFICTTGKLPVPWPTLITTLSYGVQCFSRYPDHMKQHDFFKSAMPEGYVQERTIFFKDDGNYKTRAEVKFEGDTLVNRIELKGIDFKEDGNILGHKLEYNYNSHNVYIMADKQKNGIKVNFKIRHNIEDGSVQLADHYQQNTPIGDGPVLLPDNHYLHHQTALSKDPNEKRDHMVVLEFVTAAGITHGMDELYK,0.5933333333333334
G4S:L44M:V61A:Y145F:A154P:T203I,MSKSEELFTGVVPILVELDGDVNGHKFSVSGEGEGDATYGKLTMKFICTTGKLPVPWPTLATTLSYGVQCFSRYPDHMKQHDFFKSAMPEGYVQERTIFFKDDGNYKTRAEVKFEGDTLVNRIELKGIDFKEDGNILGHKLEYNFNSHNVYIMPDKQKNGIKVNFKIRHNIEDGSVQLADHYQQNTPIGDGPVLLPDNHYLSIQSALSKDPNEKRDHMVLLEFVTAAGITHGMDELYK,0.6133333333333333
Y39H:L44M:Q69M:Y145F:A154P:T203I,MSKGEELFTGVVPILVELDGDVNGHKFSVSGEGEGDATHGKLTMKFICTTGKLPVPWPTLVTTLSYGVMCFSRYPDHMKQHDFFKSAMPEGYVQERTIFFKDDGNYKTRAEVKFEGDTLVNRIELKGIDFKEDGNILGHKLEYNFNSHNVYIMPDKQKNGIKVNFKIRHNIEDGSVQLADHYQQNTPIGDGPVLLPDNHYLSIQSALSKDPNEKRDHMVLLEFVTAAGITHGMDELYK,0.7533333333333333
S30R:T38N:Y39H:A154P:S202H:V224I,MSKGEELFTGVVPILVELDGDVNGHKFSVRGEGEGDANHGKLTLKFICTTGKLPVPWPTLVTTLSYGVQCFSRYPDHMKQHDFFKSAMPEGYVQERTIFFKDDGNYKTRAEVKFEGDTLVNRIELKGIDFKEDGNILGHKLEYNYNSHNVYIMPDKQKNGIKVNFKIRHNIEDGSVQLADHYQQNTPIGDGPVLLPDNHYLHTQSALSKDPNEKRDHMVLLEFITAAGITHGMDELYK,0.58
Y39H:S202H:T203H:S205T:L220V,MSKGEELFTGVVPILVELDGDVNGHKFSVSGEGEGDATHGKLTLKFICTTGKLPVPWPTLVTTLSYGVQCFSRYPDHMKQHDFFKSAMPEGYVQERTIFFKDDGNYKTRAEVKFEGDTLVNRIELKGIDFKEDGNILGHKLEYNYNSHNVYIMADKQKNGIKVNFKIRHNIEDGSVQLADHYQQNTPIGDGPVLLPDNHYLHHQTALSKDPNEKRDHMVVLEFVTAAGITHGMDELYK,0.66
S30R:Y39H:L44I:Y145F:A154P:S202H,MSKGEELFTGVVPILVELDGDVNGHKFSVRGEGEGDATHGKLTIKFICTTGKLPVPWPTLVTTLSYGVQCFSRYPDHMKQHDFFKSAMPEGYVQERTIFFKDDGNYKTRAEVKFEGDTLVNRIELKGIDFKEDGNILGHKLEYNFNSHNVYIMPDKQKNGIKVNFKIRHNIEDGSVQLADHYQQNTPIGDGPVLLPDNHYLHTQSALSKDPNEKRDHMVLLEFVTAAGITHGMDELYK,0.6533333333333333
Y39H:V68I:S202H:T203H:S205T:L220V,MSKGEELFTGVVPILVELDGDVNGHKFSVSGEGEGDATHGKLTLKFICTTGKLPVPWPTLVTTLSYGIQCFSRYPDHMKQHDFFKSAMPEGYVQERTIFFKDDGNYKTRAEVKFEGDTLVNRIELKGIDFKEDGNILGHKLEYNYNSHNVYIMADKQKNGIKVNFKIRHNIEDGSVQLADHYQQNTPIGDGPVLLPDNHYLHHQTALSKDPNEKRDHMVVLEFVTAAGITHGMDELYK,0.6666666666666666
Y39H:Y145F:K158N:S202H:T203H:S205T,MSKGEELFTGVVPILVELDGDVNGHKFSVSGEGEGDATHGKLTLKFICTTGKLPVPWPTLVTTLSYGVQCFSRYPDHMKQHDFFKSAMPEGYVQERTIFFKDDGNYKTRAEVKFEGDTLVNRIELKGIDFKEDGNILGHKLEYNFNSHNVYIMADKQNNGIKVNFKIRHNIEDGSVQLADHYQQNTPIGDGPVLLPDNHYLHHQTALSKDPNEKRDHMVLLEFVTAAGITHGMDELYK,0.72
S30R:Y39H:Q69M:N105C:Y145F:A154P,MSKGEELFTGVVPILVELDGDVNGHKFSVRGEGEGDATHGKLTLKFICTTGKLPVPWPTLVTTLSYGVMCFSRYPDHMKQHDFFKSAMPEGYVQERTIFFKDDGCYKTRAEVKFEGDTLVNRIELKGIDFKEDGNILGHKLEYNFNSHNVYIMPDKQKNGIKVNFKIRHNIEDGSVQLADHYQQNTPIGDGPVLLPDNHYLSTQSALSKDPNEKRDHMVLLEFVTAAGITHGMDELYK,0.6666666666666666
Y39H:Y145I:S147P:S202H:A206K:L220V,MSKGEELFTGVVPILVELDGDVNGHKFSVSGEGEGDATHGKLTLKFICTTGKLPVPWPTLVTTLSYGVQCFSRYPDHMKQHDFFKSAMPEGYVQERTIFFKDDGNYKTRAEVKFEGDTLVNRIELKGIDFKEDGNILGHKLEYNINPHNVYIMADKQKNGIKVNFKIRHNIEDGSVQLADHYQQNTPIGDGPVLLPDNHYLHTQSKLSKDPNEKRDHMVVLEFVTAAGITHGMDELYK,0.58
Y39H:Q69M:A154P:S202H:A206K:L220V,MSKGEELFTGVVPILVELDGDVNGHKFSVSGEGEGDATHGKLTLKFICTTGKLPVPWPTLVTTLSYGVMCFSRYPDHMKQHDFFKSAMPEGYVQERTIFFKDDGNYKTRAEVKFEGDTLVNRIELKGIDFKEDGNILGHKLEYNYNSHNVYIMPDKQKNGIKVNFKIRHNIEDGSVQLADHYQQNTPIGDGPVLLPDNHYLHTQSKLSKDPNEKRDHMVVLEFVTAAGITHGMDELYK,0.64
Y39H:V61L:S202H:T203H:A206K:T225E,MSKGEELFTGVVPILVELDGDVNGHKFSVSGEGEGDATHGKLTLKFICTTGKLPVPWPTLLTTLSYGVQCFSRYPDHMKQHDFFKSAMPEGYVQERTIFFKDDGNYKTRAEVKFEGDTLVNRIELKGIDFKEDGNILGHKLEYNYNSHNVYIMADKQKNGIKVNFKIRHNIEDGSVQLADHYQQNTPIGDGPVLLPDNHYLHHQSKLSKDPNEKRDHMVLLEFVEAAGITHGMDELYK,0.66
Y39H:T203H:S205T:A206K:V224I:T225E,MSKGEELFTGVVPILVELDGDVNGHKFSVSGEGEGDATHGKLTLKFICTTGKLPVPWPTLVTTLSYGVQCFSRYPDHMKQHDFFKSAMPEGYVQERTIFFKDDGNYKTRAEVKFEGDTLVNRIELKGIDFKEDGNILGHKLEYNYNSHNVYIMADKQKNGIKVNFKIRHNIEDGSVQLADHYQQNTPIGDGPVLLPDNHYLSHQTKLSKDPNEKRDHMVLLEFIEAAGITHGMDELYK,0.6466666666666666
Y39H:S147P:K158N:S202H:T203H:L220I,MSKGEELFTGVVPILVELDGDVNGHKFSVSGEGEGDATHGKLTLKFICTTGKLPVPWPTLVTTLSYGVQCFSRYPDHMKQHDFFKSAMPEGYVQERTIFFKDDGNYKTRAEVKFEGDTLVNRIELKGIDFKEDGNILGHKLEYNYNPHNVYIMADKQNNGIKVNFKIRHNIEDGSVQLADHYQQNTPIGDGPVLLPDNHYLHHQSALSKDPNEKRDHMVILEFVTAAGITHGMDELYK,0.6866666666666666
Y39H:V61I:S202H:A206K:V224I:T225E,MSKGEELFTGVVPILVELDGDVNGHKFSVSGEGEGDATHGKLTLKFICTTGKLPVPWPTLITTLSYGVQCFSRYPDHMKQHDFFKSAMPEGYVQERTIFFKDDGNYKTRAEVKFEGDTLVNRIELKGIDFKEDGNILGHKLEYNYNSHNVYIMADKQKNGIKVNFKIRHNIEDGSVQLADHYQQNTPIGDGPVLLPDNHYLHTQSKLSKDPNEKRDHMVLLEFIEAAGITHGMDELYK,0.66
Y39H:A154P:S202H:T203H:V224I:T225E,MSKGEELFTGVVPILVELDGDVNGHKFSVSGEGEGDATHGKLTLKFICTTGKLPVPWPTLVTTLSYGVQCFSRYPDHMKQHDFFKSAMPEGYVQERTIFFKDDGNYKTRAEVKFEGDTLVNRIELKGIDFKEDGNILGHKLEYNYNSHNVYIMPDKQKNGIKVNFKIRHNIEDGSVQLADHYQQNTPIGDGPVLLPDNHYLHHQSALSKDPNEKRDHMVLLEFIEAAGITHGMDELYK,0.6466666666666666
Y39H:S147P:K158N:T203H:S205T:L220V,MSKGEELFTGVVPILVELDGDVNGHKFSVSGEGEGDATHGKLTLKFICTTGKLPVPWPTLVTTLSYGVQCFSRYPDHMKQHDFFKSAMPEGYVQERTIFFKDDGNYKTRAEVKFEGDTLVNRIELKGIDFKEDGNILGHKLEYNYNPHNVYIMADKQNNGIKVNFKIRHNIEDGSVQLADHYQQNTPIGDGPVLLPDNHYLSHQTALSKDPNEKRDHMVVLEFVTAAGITHGMDELYK,0.58
Y39H:Q69L:K158N:S202H:T203H:S205T,MSKGEELFTGVVPILVELDGDVNGHKFSVSGEGEGDATHGKLTLKFICTTGKLPVPWPTLVTTLSYGVLCFSRYPDHMKQHDFFKSAMPEGYVQERTIFFKDDGNYKTRAEVKFEGDTLVNRIELKGIDFKEDGNILGHKLEYNYNSHNVYIMADKQNNGIKVNFKIRHNIEDGSVQLADHYQQNTPIGDGPVLLPDNHYLHHQTALSKDPNEKRDHMVLLEFVTAAGITHGMDELYK,0.7133333333333334
S30R:Y39H:Y145F:A154P:K158R:N198Y,MSKGEELFTGVVPILVELDGDVNGHKFSVRGEGEGDATHGKLTLKFICTTGKLPVPWPTLVTTLSYGVQCFSRYPDHMKQHDFFKSAMPEGYVQERTIFFKDDGNYKTRAEVKFEGDTLVNRIELKGIDFKEDGNILGHKLEYNFNSHNVYIMPDKQRNGIKVNFKIRHNIEDGSVQLADHYQQNTPIGDGPVLLPDYHYLSTQSALSKDPNEKRDHMVLLEFVTAAGITHGMDELYK,0.7066666666666667
S30R:Y39H:L44I:Q69A:Y145F:A154P,MSKGEELFTGVVPILVELDGDVNGHKFSVRGEGEGDATHGKLTIKFICTTGKLPVPWPTLVTTLSYGVACFSRYPDHMKQHDFFKSAMPEGYVQERTIFFKDDGNYKTRAEVKFEGDTLVNRIELKGIDFKEDGNILGHKLEYNFNSHNVYIMPDKQKNGIKVNFKIRHNIEDGSVQLADHYQQNTPIGDGPVLLPDNHYLSTQSALSKDPNEKRDHMVLLEFVTAAGITHGMDELYK,0.58
T38N:L44M:Y145F:A154P:T203I,MSKGEELFTGVVPILVELDGDVNGHKFSVSGEGEGDANYGKLTMKFICTTGKLPVPWPTLVTTLSYGVQCFSRYPDHMKQHDFFKSAMPEGYVQERTIFFKDDGNYKTRAEVKFEGDTLVNRIELKGIDFKEDGNILGHKLEYNFNSHNVYIMPDKQKNGIKVNFKIRHNIEDGSVQLADHYQQNTPIGDGPVLLPDNHYLSIQSALSKDPNEKRDHMVLLEFVTAAGITHGMDELYK,0.7266666666666667
S30R:T38N:Y39H:V61I:Y145F:A154P,MSKGEELFTGVVPILVELDGDVNGHKFSVRGEGEGDANHGKLTLKFICTTGKLPVPWPTLITTLSYGVQCFSRYPDHMKQHDFFKSAMPEGYVQERTIFFKDDGNYKTRAEVKFEGDTLVNRIELKGIDFKEDGNILGHKLEYNFNSHNVYIMPDKQKNGIKVNFKIRHNIEDGSVQLADHYQQNTPIGDGPVLLPDNHYLSTQSALSKDPNEKRDHMVLLEFVTAAGITHGMDELYK,0.62
S30R:Y39H:V68I:Q69M:A206K:T225E,MSKGEELFTGVVPILVELDGDVNGHKFSVRGEGEGDATHGKLTLKFICTTGKLPVPWPTLVTTLSYGIMCFSRYPDHMKQHDFFKSAMPEGYVQERTIFFKDDGNYKTRAEVKFEGDTLVNRIELKGIDFKEDGNILGHKLEYNYNSHNVYIMADKQKNGIKVNFKIRHNIEDGSVQLADHYQQNTPIGDGPVLLPDNHYLSTQSKLSKDPNEKRDHMVLLEFVEAAGITHGMDELYK,0.72
S30R:T38N:Y39H:Q69M:Y145F:A154P,MSKGEELFTGVVPILVELDGDVNGHKFSVRGEGEGDANHGKLTLKFICTTGKLPVPWPTLVTTLSYGVMCFSRYPDHMKQHDFFKSAMPEGYVQERTIFFKDDGNYKTRAEVKFEGDTLVNRIELKGIDFKEDGNILGHKLEYNFNSHNVYIMPDKQKNGIKVNFKIRHNIEDGSVQLADHYQQNTPIGDGPVLLPDNHYLSTQSALSKDPNEKRDHMVLLEFVTAAGITHGMDELYK,0.6466666666666666
Y39H:K158N:S202H:A206K:V224I:T225E,MSKGEELFTGVVPILVELDGDVNGHKFSVSGEGEGDATHGKLTLKFICTTGKLPVPWPTLVTTLSYGVQCFSRYPDHMKQHDFFKSAMPEGYVQERTIFFKDDGNYKTRAEVKFEGDTLVNRIELKGIDFKEDGNILGHKLEYNYNSHNVYIMADKQNNGIKVNFKIRHNIEDGSVQLADHYQQNTPIGDGPVLLPDNHYLHTQSKLSKDPNEKRDHMVLLEFIEAAGITHGMDELYK,0.6066666666666667
S30R:Y39H:K158R:S202H:A206E:V224I,MSKGEELFTGVVPILVELDGDVNGHKFSVRGEGEGDATHGKLTLKFICTTGKLPVPWPTLVTTLSYGVQCFSRYPDHMKQHDFFKSAMPEGYVQERTIFFKDDGNYKTRAEVKFEGDTLVNRIELKGIDFKEDGNILGHKLEYNYNSHNVYIMADKQRNGIKVNFKIRHNIEDGSVQLADHYQQNTPIGDGPVLLPDNHYLHTQSELSKDPNEKRDHMVLLEFITAAGITHGMDELYK,0.6066666666666667
S30R:Q69M:Y145F:A154P:S202H:L220I,MSKGEELFTGVVPILVELDGDVNGHKFSVRGEGEGDATYGKLTLKFICTTGKLPVPWPTLVTTLSYGVMCFSRYPDHMKQHDFFKSAMPEGYVQERTIFFKDDGNYKTRAEVKFEGDTLVNRIELKGIDFKEDGNILGHKLEYNFNSHNVYIMPDKQKNGIKVNFKIRHNIEDGSVQLADHYQQNTPIGDGPVLLPDNHYLHTQSALSKDPNEKRDHMVILEFVTAAGITHGMDELYK,0.6466666666666666
Y39H:S202H:T203H:A206E:L220I:T225E,MSKGEELFTGVVPILVELDGDVNGHKFSVSGEGEGDATHGKLTLKFICTTGKLPVPWPTLVTTLSYGVQCFSRYPDHMKQHDFFKSAMPEGYVQERTIFFKDDGNYKTRAEVKFEGDTLVNRIELKGIDFKEDGNILGHKLEYNYNSHNVYIMADKQKNGIKVNFKIRHNIEDGSVQLADHYQQNTPIGDGPVLLPDNHYLHHQSELSKDPNEKRDHMVILEFVEAAGITHGMDELYK,0.7866666666666666
Y39H:S205T:A206K:V224I:T225E,MSKGEELFTGVVPILVELDGDVNGHKFSVSGEGEGDATHGKLTLKFICTTGKLPVPWPTLVTTLSYGVQCFSRYPDHMKQHDFFKSAMPEGYVQERTIFFKDDGNYKTRAEVKFEGDTLVNRIELKGIDFKEDGNILGHKLEYNYNSHNVYIMADKQKNGIKVNFKIRHNIEDGSVQLADHYQQNTPIGDGPVLLPDNHYLSTQTKLSKDPNEKRDHMVLLEFIEAAGITHGMDELYK,0.6533333333333333
S30R:V61I:Y145F:A154P:S202H:L220I,MSKGEELFTGVVPILVELDGDVNGHKFSVRGEGEGDATYGKLTLKFICTTGKLPVPWPTLITTLSYGVQCFSRYPDHMKQHDFFKSAMPEGYVQERTIFFKDDGNYKTRAEVKFEGDTLVNRIELKGIDFKEDGNILGHKLEYNFNSHNVYIMPDKQKNGIKVNFKIRHNIEDGSVQLADHYQQNTPIGDGPVLLPDNHYLHTQSALSKDPNEKRDHMVILEFVTAAGITHGMDELYK,0.72
Y39H:S202H:T203H:S205T:A206E:T225E,MSKGEELFTGVVPILVELDGDVNGHKFSVSGEGEGDATHGKLTLKFICTTGKLPVPWPTLVTTLSYGVQCFSRYPDHMKQHDFFKSAMPEGYVQERTIFFKDDGNYKTRAEVKFEGDTLVNRIELKGIDFKEDGNILGHKLEYNYNSHNVYIMADKQKNGIKVNFKIRHNIEDGSVQLADHYQQNTPIGDGPVLLPDNHYLHHQTELSKDPNEKRDHMVLLEFVEAAGITHGMDELYK,0.6466666666666666
S30R:Y39H:L44I:V61I:Y145F:A154P,MSKGEELFTGVVPILVELDGDVNGHKFSVRGEGEGDATHGKLTIKFICTTGKLPVPWPTLITTLSYGVQCFSRYPDHMKQHDFFKSAMPEGYVQERTIFFKDDGNYKTRAEVKFEGDTLVNRIELKGIDFKEDGNILGHKLEYNFNSHNVYIMPDKQKNGIKVNFKIRHNIEDGSVQLADHYQQNTPIGDGPVLLPDNHYLSTQSALSKDPNEKRDHMVLLEFVTAAGITHGMDELYK,0.68
Y39H:V150I:S202H:A206K:V224I:T225E,MSKGEELFTGVVPILVELDGDVNGHKFSVSGEGEGDATHGKLTLKFICTTGKLPVPWPTLVTTLSYGVQCFSRYPDHMKQHDFFKSAMPEGYVQERTIFFKDDGNYKTRAEVKFEGDTLVNRIELKGIDFKEDGNILGHKLEYNYNSHNIYIMADKQKNGIKVNFKIRHNIEDGSVQLADHYQQNTPIGDGPVLLPDNHYLHTQSKLSKDPNEKRDHMVLLEFIEAAGITHGMDELYK,0.6866666666666666
Y39H:K158R:S202H:A206K:V224I:T225E,MSKGEELFTGVVPILVELDGDVNGHKFSVSGEGEGDATHGKLTLKFICTTGKLPVPWPTLVTTLSYGVQCFSRYPDHMKQHDFFKSAMPEGYVQERTIFFKDDGNYKTRAEVKFEGDTLVNRIELKGIDFKEDGNILGHKLEYNYNSHNVYIMADKQRNGIKVNFKIRHNIEDGSVQLADHYQQNTPIGDGPVLLPDNHYLHTQSKLSKDPNEKRDHMVLLEFIEAAGITHGMDELYK,0.62
S30R:Y39H:L44I:A154P:K158R:A206K,MSKGEELFTGVVPILVELDGDVNGHKFSVRGEGEGDATHGKLTIKFICTTGKLPVPWPTLVTTLSYGVQCFSRYPDHMKQHDFFKSAMPEGYVQERTIFFKDDGNYKTRAEVKFEGDTLVNRIELKGIDFKEDGNILGHKLEYNYNSHNVYIMPDKQRNGIKVNFKIRHNIEDGSVQLADHYQQNTPIGDGPVLLPDNHYLSTQSKLSKDPNEKRDHMVLLEFVTAAGITHGMDELYK,0.6533333333333333
Y39H:L44I:V61L:S202H:A206K:T225E,MSKGEELFTGVVPILVELDGDVNGHKFSVSGEGEGDATHGKLTIKFICTTGKLPVPWPTLLTTLSYGVQCFSRYPDHMKQHDFFKSAMPEGYVQERTIFFKDDGNYKTRAEVKFEGDTLVNRIELKGIDFKEDGNILGHKLEYNYNSHNVYIMADKQKNGIKVNFKIRHNIEDGSVQLADHYQQNTPIGDGPVLLPDNHYLHTQSKLSKDPNEKRDHMVLLEFVEAAGITHGMDELYK,0.6666666666666666
Y39H:L44I:S202H:T203H:A206E:T225E,MSKGEELFTGVVPILVELDGDVNGHKFSVSGEGEGDATHGKLTIKFICTTGKLPVPWPTLVTTLSYGVQCFSRYPDHMKQHDFFKSAMPEGYVQERTIFFKDDGNYKTRAEVKFEGDTLVNRIELKGIDFKEDGNILGHKLEYNYNSHNVYIMADKQKNGIKVNFKIRHNIEDGSVQLADHYQQNTPIGDGPVLLPDNHYLHHQSELSKDPNEKRDHMVLLEFVEAAGITHGMDELYK,0.7533333333333333
Y39H:V150I:S202H:T203H:A206E:T225E,MSKGEELFTGVVPILVELDGDVNGHKFSVSGEGEGDATHGKLTLKFICTTGKLPVPWPTLVTTLSYGVQCFSRYPDHMKQHDFFKSAMPEGYVQERTIFFKDDGNYKTRAEVKFEGDTLVNRIELKGIDFKEDGNILGHKLEYNYNSHNIYIMADKQKNGIKVNFKIRHNIEDGSVQLADHYQQNTPIGDGPVLLPDNHYLHHQSELSKDPNEKRDHMVLLEFVEAAGITHGMDELYK,0.7466666666666667
Y39H:V112I:S147P:S202H:T203H:L220V,MSKGEELFTGVVPILVELDGDVNGHKFSVSGEGEGDATHGKLTLKFICTTGKLPVPWPTLVTTLSYGVQCFSRYPDHMKQHDFFKSAMPEGYVQERTIFFKDDGNYKTRAEIKFEGDTLVNRIELKGIDFKEDGNILGHKLEYNYNPHNVYIMADKQKNGIKVNFKIRHNIEDGSVQLADHYQQNTPIGDGPVLLPDNHYLHHQSALSKDPNEKRDHMVVLEFVTAAGITHGMDELYK,0.6466666666666666
Y39H:V112L:S202H:T203H:A206K:T225E,MSKGEELFTGVVPILVELDGDVNGHKFSVSGEGEGDATHGKLTLKFICTTGKLPVPWPTLVTTLSYGVQCFSRYPDHMKQHDFFKSAMPEGYVQERTIFFKDDGNYKTRAELKFEGDTLVNRIELKGIDFKEDGNILGHKLEYNYNSHNVYIMADKQKNGIKVNFKIRHNIEDGSVQLADHYQQNTPIGDGPVLLPDNHYLHHQSKLSKDPNEKRDHMVLLEFVEAAGITHGMDELYK,0.6533333333333333
Y39H:V61I:T203H:S205T:A206K:T225E,MSKGEELFTGVVPILVELDGDVNGHKFSVSGEGEGDATHGKLTLKFICTTGKLPVPWPTLITTLSYGVQCFSRYPDHMKQHDFFKSAMPEGYVQERTIFFKDDGNYKTRAEVKFEGDTLVNRIELKGIDFKEDGNILGHKLEYNYNSHNVYIMADKQKNGIKVNFKIRHNIEDGSVQLADHYQQNTPIGDGPVLLPDNHYLSHQTKLSKDPNEKRDHMVLLEFVEAAGITHGMDELYK,0.7
Y39H:Q69M:A154P:T203H:V224I:T225E,MSKGEELFTGVVPILVELDGDVNGHKFSVSGEGEGDATHGKLTLKFICTTGKLPVPWPTLVTTLSYGVMCFSRYPDHMKQHDFFKSAMPEGYVQERTIFFKDDGNYKTRAEVKFEGDTLVNRIELKGIDFKEDGNILGHKLEYNYNSHNVYIMPDKQKNGIKVNFKIRHNIEDGSVQLADHYQQNTPIGDGPVLLPDNHYLSHQSALSKDPNEKRDHMVLLEFIEAAGITHGMDELYK,0.6466666666666666
Y39H:L44M:K158N:S202H:T203H:A206E,MSKGEELFTGVVPILVELDGDVNGHKFSVSGEGEGDATHGKLTMKFICTTGKLPVPWPTLVTTLSYGVQCFSRYPDHMKQHDFFKSAMPEGYVQERTIFFKDDGNYKTRAEVKFEGDTLVNRIELKGIDFKEDGNILGHKLEYNYNSHNVYIMADKQNNGIKVNFKIRHNIEDGSVQLADHYQQNTPIGDGPVLLPDNHYLHHQSELSKDPNEKRDHMVLLEFVTAAGITHGMDELYK,0.7133333333333334
Y39H:L44M:K158N:T203H:A206K:T225E,MSKGEELFTGVVPILVELDGDVNGHKFSVSGEGEGDATHGKLTMKFICTTGKLPVPWPTLVTTLSYGVQCFSRYPDHMKQHDFFKSAMPEGYVQERTIFFKDDGNYKTRAEVKFEGDTLVNRIELKGIDFKEDGNILGHKLEYNYNSHNVYIMADKQNNGIKVNFKIRHNIEDGSVQLADHYQQNTPIGDGPVLLPDNHYLSHQSKLSKDPNEKRDHMVLLEFVEAAGITHGMDELYK,0.6933333333333334
S30R:T38N:Y39H:V68I:Y145F:A154P,MSKGEELFTGVVPILVELDGDVNGHKFSVRGEGEGDANHGKLTLKFICTTGKLPVPWPTLVTTLSYGIQCFSRYPDHMKQHDFFKSAMPEGYVQERTIFFKDDGNYKTRAEVKFEGDTLVNRIELKGIDFKEDGNILGHKLEYNFNSHNVYIMPDKQKNGIKVNFKIRHNIEDGSVQLADHYQQNTPIGDGPVLLPDNHYLSTQSALSKDPNEKRDHMVLLEFVTAAGITHGMDELYK,0.62
Y39H:Q69M:S202H:A206K:V224I:T225E,MSKGEELFTGVVPILVELDGDVNGHKFSVSGEGEGDATHGKLTLKFICTTGKLPVPWPTLVTTLSYGVMCFSRYPDHMKQHDFFKSAMPEGYVQERTIFFKDDGNYKTRAEVKFEGDTLVNRIELKGIDFKEDGNILGHKLEYNYNSHNVYIMADKQKNGIKVNFKIRHNIEDGSVQLADHYQQNTPIGDGPVLLPDNHYLHTQSKLSKDPNEKRDHMVLLEFIEAAGITHGMDELYK,0.6333333333333333
S30R:Y39H:Q69M:Y145F:A154P:K158N,MSKGEELFTGVVPILVELDGDVNGHKFSVRGEGEGDATHGKLTLKFICTTGKLPVPWPTLVTTLSYGVMCFSRYPDHMKQHDFFKSAMPEGYVQERTIFFKDDGNYKTRAEVKFEGDTLVNRIELKGIDFKEDGNILGHKLEYNFNSHNVYIMPDKQNNGIKVNFKIRHNIEDGSVQLADHYQQNTPIGDGPVLLPDNHYLSTQSALSKDPNEKRDHMVLLEFVTAAGITHGMDELYK,0.64
Y39H:Q69A:S202H:T203H:S205T:L220V,MSKGEELFTGVVPILVELDGDVNGHKFSVSGEGEGDATHGKLTLKFICTTGKLPVPWPTLVTTLSYGVACFSRYPDHMKQHDFFKSAMPEGYVQERTIFFKDDGNYKTRAEVKFEGDTLVNRIELKGIDFKEDGNILGHKLEYNYNSHNVYIMADKQKNGIKVNFKIRHNIEDGSVQLADHYQQNTPIGDGPVLLPDNHYLHHQTALSKDPNEKRDHMVVLEFVTAAGITHGMDELYK,0.64
Y39H:V150I:K158N:S202H:T203H:S205T,MSKGEELFTGVVPILVELDGDVNGHKFSVSGEGEGDATHGKLTLKFICTTGKLPVPWPTLVTTLSYGVQCFSRYPDHMKQHDFFKSAMPEGYVQERTIFFKDDGNYKTRAEVKFEGDTLVNRIELKGIDFKEDGNILGHKLEYNYNSHNIYIMADKQNNGIKVNFKIRHNIEDGSVQLADHYQQNTPIGDGPVLLPDNHYLHHQTALSKDPNEKRDHMVLLEFVTAAGITHGMDELYK,0.74
S30R:Y39H:Q69M:Y145I:A154P:K158R,MSKGEELFTGVVPILVELDGDVNGHKFSVRGEGEGDATHGKLTLKFICTTGKLPVPWPTLVTTLSYGVMCFSRYPDHMKQHDFFKSAMPEGYVQERTIFFKDDGNYKTRAEVKFEGDTLVNRIELKGIDFKEDGNILGHKLEYNINSHNVYIMPDKQRNGIKVNFKIRHNIEDGSVQLADHYQQNTPIGDGPVLLPDNHYLSTQSALSKDPNEKRDHMVLLEFVTAAGITHGMDELYK,0.62
Y39H:Q69M:S202H:T203H:S205T:L220V,MSKGEELFTGVVPILVELDGDVNGHKFSVSGEGEGDATHGKLTLKFICTTGKLPVPWPTLVTTLSYGVMCFSRYPDHMKQHDFFKSAMPEGYVQERTIFFKDDGNYKTRAEVKFEGDTLVNRIELKGIDFKEDGNILGHKLEYNYNSHNVYIMADKQKNGIKVNFKIRHNIEDGSVQLADHYQQNTPIGDGPVLLPDNHYLHHQTALSKDPNEKRDHMVVLEFVTAAGITHGMDELYK,0.6466666666666666
T38N:Y39H:S202H:T203H:A206K:T225E,MSKGEELFTGVVPILVELDGDVNGHKFSVSGEGEGDANHGKLTLKFICTTGKLPVPWPTLVTTLSYGVQCFSRYPDHMKQHDFFKSAMPEGYVQERTIFFKDDGNYKTRAEVKFEGDTLVNRIELKGIDFKEDGNILGHKLEYNYNSHNVYIMADKQKNGIKVNFKIRHNIEDGSVQLADHYQQNTPIGDGPVLLPDNHYLHHQSKLSKDPNEKRDHMVLLEFVEAAGITHGMDELYK,0.6666666666666666
Y39H:S147P:V150I:S202H:T203H:L220V,MSKGEELFTGVVPILVELDGDVNGHKFSVSGEGEGDATHGKLTLKFICTTGKLPVPWPTLVTTLSYGVQCFSRYPDHMKQHDFFKSAMPEGYVQERTIFFKDDGNYKTRAEVKFEGDTLVNRIELKGIDFKEDGNILGHKLEYNYNPHNIYIMADKQKNGIKVNFKIRHNIEDGSVQLADHYQQNTPIGDGPVLLPDNHYLHHQSALSKDPNEKRDHMVVLEFVTAAGITHGMDELYK,0.6866666666666666
S30R:Y39H:L44I:S147P:K158R:A206E,MSKGEELFTGVVPILVELDGDVNGHKFSVRGEGEGDATHGKLTIKFICTTGKLPVPWPTLVTTLSYGVQCFSRYPDHMKQHDFFKSAMPEGYVQERTIFFKDDGNYKTRAEVKFEGDTLVNRIELKGIDFKEDGNILGHKLEYNYNPHNVYIMADKQRNGIKVNFKIRHNIEDGSVQLADHYQQNTPIGDGPVLLPDNHYLSTQSELSKDPNEKRDHMVLLEFVTAAGITHGMDELYK,0.72
Y39H:V112L:S202H:T203H:A206K:L220V,MSKGEELFTGVVPILVELDGDVNGHKFSVSGEGEGDATHGKLTLKFICTTGKLPVPWPTLVTTLSYGVQCFSRYPDHMKQHDFFKSAMPEGYVQERTIFFKDDGNYKTRAELKFEGDTLVNRIELKGIDFKEDGNILGHKLEYNYNSHNVYIMADKQKNGIKVNFKIRHNIEDGSVQLADHYQQNTPIGDGPVLLPDNHYLHHQSKLSKDPNEKRDHMVVLEFVTAAGITHGMDELYK,0.72
S30R:Y39H:Y145F:A154P:N198Y:S202H,MSKGEELFTGVVPILVELDGDVNGHKFSVRGEGEGDATHGKLTLKFICTTGKLPVPWPTLVTTLSYGVQCFSRYPDHMKQHDFFKSAMPEGYVQERTIFFKDDGNYKTRAEVKFEGDTLVNRIELKGIDFKEDGNILGHKLEYNFNSHNVYIMPDKQKNGIKVNFKIRHNIEDGSVQLADHYQQNTPIGDGPVLLPDYHYLHTQSALSKDPNEKRDHMVLLEFVTAAGITHGMDELYK,0.6466666666666666
S30R:Y145F:A154P:S202H:T203Y:L220V,MSKGEELFTGVVPILVELDGDVNGHKFSVRGEGEGDATYGKLTLKFICTTGKLPVPWPTLVTTLSYGVQCFSRYPDHMKQHDFFKSAMPEGYVQERTIFFKDDGNYKTRAEVKFEGDTLVNRIELKGIDFKEDGNILGHKLEYNFNSHNVYIMPDKQKNGIKVNFKIRHNIEDGSVQLADHYQQNTPIGDGPVLLPDNHYLHYQSALSKDPNEKRDHMVVLEFVTAAGITHGMDELYK,0.66
S30R:Y39H:L44I:A154P:K158R:S202H,MSKGEELFTGVVPILVELDGDVNGHKFSVRGEGEGDATHGKLTIKFICTTGKLPVPWPTLVTTLSYGVQCFSRYPDHMKQHDFFKSAMPEGYVQERTIFFKDDGNYKTRAEVKFEGDTLVNRIELKGIDFKEDGNILGHKLEYNYNSHNVYIMPDKQRNGIKVNFKIRHNIEDGSVQLADHYQQNTPIGDGPVLLPDNHYLHTQSALSKDPNEKRDHMVLLEFVTAAGITHGMDELYK,0.6666666666666666
S30R:Y39H:L44I:A154P:N198Y:S202H,MSKGEELFTGVVPILVELDGDVNGHKFSVRGEGEGDATHGKLTIKFICTTGKLPVPWPTLVTTLSYGVQCFSRYPDHMKQHDFFKSAMPEGYVQERTIFFKDDGNYKTRAEVKFEGDTLVNRIELKGIDFKEDGNILGHKLEYNYNSHNVYIMPDKQKNGIKVNFKIRHNIEDGSVQLADHYQQNTPIGDGPVLLPDYHYLHTQSALSKDPNEKRDHMVLLEFVTAAGITHGMDELYK,0.68
Y39H:K158R:S205T:A206K:V224I:T225E,MSKGEELFTGVVPILVELDGDVNGHKFSVSGEGEGDATHGKLTLKFICTTGKLPVPWPTLVTTLSYGVQCFSRYPDHMKQHDFFKSAMPEGYVQERTIFFKDDGNYKTRAEVKFEGDTLVNRIELKGIDFKEDGNILGHKLEYNYNSHNVYIMADKQRNGIKVNFKIRHNIEDGSVQLADHYQQNTPIGDGPVLLPDNHYLSTQTKLSKDPNEKRDHMVLLEFIEAAGITHGMDELYK,0.6333333333333333
